-- phpMyAdmin SQL Dump
-- version 5.1.3
-- https://www.phpmyadmin.net/
--
-- Host: 127.0.0.1
-- Generation Time: Jul 10, 2024 at 12:37 PM
-- Server version: 10.4.24-MariaDB
-- PHP Version: 8.1.5

SET SQL_MODE = "NO_AUTO_VALUE_ON_ZERO";
START TRANSACTION;
SET time_zone = "+00:00";

--
-- Database: `absensi`
--

-- --------------------------------------------------------

--
-- Table structure for table `absensi`
--

CREATE TABLE `absensi` (
  `id` bigint(20) UNSIGNED NOT NULL,
  `id_siswa` varchar(255) COLLATE utf8mb4_unicode_ci DEFAULT NULL,
  `tanggal` varchar(255) COLLATE utf8mb4_unicode_ci DEFAULT NULL,
  `waktu` varchar(255) COLLATE utf8mb4_unicode_ci DEFAULT NULL,
  `status` varchar(100) COLLATE utf8mb4_unicode_ci DEFAULT NULL
) ENGINE=InnoDB DEFAULT CHARSET=utf8mb4 COLLATE=utf8mb4_unicode_ci;

--
-- Dumping data for table `absensi`
--

INSERT INTO `absensi` (`id`, `id_siswa`, `tanggal`, `waktu`, `status`) VALUES
(1, '5nan2kqtv9wckg4g', '2024-03-11', '02:16:52', NULL),
(2, '6dcfy7awxcsgggss', '2024-03-11', '02:17:00', NULL),
(3, '6echmz2ytmw4goco', '2024-03-11', '02:17:04', NULL),
(4, '5nan2kqtv9wckg4g', '2024-05-10', '10:11:57', NULL),
(5, '6dcfy7awxcsgggss', '2024-05-10', '10:13:48', NULL),
(6, '6echmz2ytmw4goco', '2024-05-10', '10:14:09', NULL),
(7, 'bhshrn1gni800w4g', '2024-05-10', '10:15:19', NULL),
(21, 'qyfqdgfbgwgc0cgk', '2024-05-11', '11:05:26', NULL),
(22, '8p6psjyj3oo4owgc', '2024-05-11', '11:05:34', NULL),
(25, '8p6psjyj3oo4owgc', '2024-05-11', '11:05:34', NULL),
(26, '8p6psjyj3oo4owgc', '2024-05-11', '11:05:34', NULL),
(27, '8p6psjyj3oo4owgc', '2024-05-11', '11:05:34', NULL),
(28, '8p6psjyj3oo4owgc', '2024-05-11', '11:05:34', NULL),
(29, '8p6psjyj3oo4owgc', '2024-05-11', '11:05:34', NULL),
(30, '8p6psjyj3oo4owgc', '2024-05-11', '11:05:34', NULL),
(31, '8p6psjyj3oo4owgc', '2024-05-11', '11:05:34', NULL),
(32, 'qyfqdgfbgwgc0cgk', '2024-06-27', '08:31:19', 'sakit'),
(33, '8p6psjyj3oo4owgc', '2024-06-27', '08:31:37', 'hadir'),
(34, NULL, '2024-07-02', '06:58:56', 'hadir'),
(37, 'qyfqdgfbgwgc0cgk', '2024-07-06', '08:03:55', 'hadir'),
(38, '8p6psjyj3oo4owgc', '2024-07-06', '08:04:21', 'hadir'),
(40, '8p6psjyj3oo4owgc', '2024-07-07', '05:12:14', 'izin'),
(41, 'qyfqdgfbgwgc0cgk', '2024-07-07', '05:12:42', 'hadir');

-- --------------------------------------------------------

--
-- Table structure for table `failed_jobs`
--

CREATE TABLE `failed_jobs` (
  `id` bigint(20) UNSIGNED NOT NULL,
  `uuid` varchar(255) COLLATE utf8mb4_unicode_ci NOT NULL,
  `connection` text COLLATE utf8mb4_unicode_ci NOT NULL,
  `queue` text COLLATE utf8mb4_unicode_ci NOT NULL,
  `payload` longtext COLLATE utf8mb4_unicode_ci NOT NULL,
  `exception` longtext COLLATE utf8mb4_unicode_ci NOT NULL,
  `failed_at` timestamp NOT NULL DEFAULT current_timestamp()
) ENGINE=InnoDB DEFAULT CHARSET=utf8mb4 COLLATE=utf8mb4_unicode_ci;

-- --------------------------------------------------------

--
-- Table structure for table `jurusan`
--

CREATE TABLE `jurusan` (
  `id` bigint(20) UNSIGNED NOT NULL,
  `id_sekolah` varchar(50) COLLATE utf8mb4_unicode_ci NOT NULL,
  `nama_jurusan` varchar(100) COLLATE utf8mb4_unicode_ci NOT NULL,
  `created_at` timestamp NULL DEFAULT NULL,
  `updated_at` timestamp NULL DEFAULT NULL
) ENGINE=InnoDB DEFAULT CHARSET=utf8mb4 COLLATE=utf8mb4_unicode_ci;

--
-- Dumping data for table `jurusan`
--

INSERT INTO `jurusan` (`id`, `id_sekolah`, `nama_jurusan`, `created_at`, `updated_at`) VALUES
(1, '1', 'Teknik Komputer Jaringan', '2024-03-01 13:27:10', '2024-03-01 13:27:10'),
(2, '1', 'Teknik Kendaraan Ringan', '2024-03-03 08:42:30', '2024-03-03 08:42:30'),
(3, '2', 'Otomatisasi Tata kelola Perkantoran', '2024-03-06 09:52:03', '2024-03-10 14:00:19'),
(4, '2', 'Teknik Komputer Jaringan', '2024-03-09 00:33:10', '2024-03-09 00:33:10'),
(5, '2', 'Teknik Kendaraan Ringan', '2024-03-09 00:33:20', '2024-03-09 00:33:20');

-- --------------------------------------------------------

--
-- Table structure for table `kelas`
--

CREATE TABLE `kelas` (
  `id` bigint(20) UNSIGNED NOT NULL,
  `id_sekolah` varchar(100) COLLATE utf8mb4_unicode_ci NOT NULL,
  `id_jurusan` varchar(100) COLLATE utf8mb4_unicode_ci NOT NULL,
  `kelas` varchar(50) COLLATE utf8mb4_unicode_ci NOT NULL,
  `created_at` timestamp NULL DEFAULT NULL,
  `updated_at` timestamp NULL DEFAULT NULL
) ENGINE=InnoDB DEFAULT CHARSET=utf8mb4 COLLATE=utf8mb4_unicode_ci;

--
-- Dumping data for table `kelas`
--

INSERT INTO `kelas` (`id`, `id_sekolah`, `id_jurusan`, `kelas`, `created_at`, `updated_at`) VALUES
(1, '1', '1', 'XI', NULL, NULL),
(3, '1', '2', 'XII', NULL, NULL),
(4, '1', '2', 'X', NULL, NULL),
(5, '2', '3', 'X', NULL, NULL),
(6, '2', '3', 'XI', NULL, NULL),
(7, '2', '3', 'XII', NULL, NULL),
(9, '2', '4', 'X', NULL, NULL);

-- --------------------------------------------------------

--
-- Table structure for table `mesin`
--

CREATE TABLE `mesin` (
  `id` bigint(20) UNSIGNED NOT NULL,
  `id_mesin` varchar(17) COLLATE utf8mb4_unicode_ci NOT NULL,
  `status` varchar(10) COLLATE utf8mb4_unicode_ci NOT NULL DEFAULT 'Not Used',
  `created_at` timestamp NULL DEFAULT NULL,
  `updated_at` timestamp NULL DEFAULT NULL
) ENGINE=InnoDB DEFAULT CHARSET=utf8mb4 COLLATE=utf8mb4_unicode_ci;

--
-- Dumping data for table `mesin`
--

INSERT INTO `mesin` (`id`, `id_mesin`, `status`, `created_at`, `updated_at`) VALUES
(1, '5FVjFzQsrwE7Cu0A', 'Used', '2024-03-01 13:02:36', '2024-03-01 13:24:56'),
(2, 'nXW4ZdpM3VtCzNqm', 'Used', '2024-03-01 13:02:36', '2024-03-04 10:42:26'),
(3, 'KwHsewMBF2FN54Lt', 'Not Used', '2024-03-01 13:02:36', '2024-03-01 13:02:36'),
(4, 'BF3hvuZkfTy4x3rs', 'Not Used', '2024-03-01 13:02:36', '2024-03-01 13:02:36'),
(5, 'XgPdYfLQaPgkMLCZ', 'Not Used', '2024-03-01 13:02:36', '2024-03-01 13:02:36');

-- --------------------------------------------------------

--
-- Table structure for table `migrations`
--

CREATE TABLE `migrations` (
  `id` int(10) UNSIGNED NOT NULL,
  `migration` varchar(255) COLLATE utf8mb4_unicode_ci NOT NULL,
  `batch` int(11) NOT NULL
) ENGINE=InnoDB DEFAULT CHARSET=utf8mb4 COLLATE=utf8mb4_unicode_ci;

--
-- Dumping data for table `migrations`
--

INSERT INTO `migrations` (`id`, `migration`, `batch`) VALUES
(1, '0000_00_00_000000_create_websockets_statistics_entries_table', 1),
(2, '2014_10_12_000000_create_users_table', 1),
(3, '2014_10_12_100000_create_password_reset_tokens_table', 1),
(4, '2014_12_10_000000_create_sekolah_tables', 1),
(5, '2019_08_19_000000_create_failed_jobs_table', 1),
(6, '2019_12_14_000001_create_personal_access_tokens_table', 1),
(7, '2023_11_29_203930_create_absensi_table', 1),
(8, '2023_12_31_112050_create_perangkats_table', 1),
(9, '2024_02_16_224754_create_permission_tables', 1),
(10, '2024_02_17_074709_create_siswa_tables', 1),
(11, '2024_02_17_084029_create_kelas_tables', 1),
(12, '2024_02_17_084339_create_jurusan_tables', 1),
(13, '2024_02_17_091715_create_mesin_tables', 1);

-- --------------------------------------------------------

--
-- Table structure for table `model_has_permissions`
--

CREATE TABLE `model_has_permissions` (
  `permission_id` bigint(20) UNSIGNED NOT NULL,
  `model_type` varchar(255) COLLATE utf8mb4_unicode_ci NOT NULL,
  `model_id` bigint(20) UNSIGNED NOT NULL
) ENGINE=InnoDB DEFAULT CHARSET=utf8mb4 COLLATE=utf8mb4_unicode_ci;

-- --------------------------------------------------------

--
-- Table structure for table `model_has_roles`
--

CREATE TABLE `model_has_roles` (
  `role_id` bigint(20) UNSIGNED NOT NULL,
  `model_type` varchar(255) COLLATE utf8mb4_unicode_ci NOT NULL,
  `model_id` bigint(20) UNSIGNED NOT NULL
) ENGINE=InnoDB DEFAULT CHARSET=utf8mb4 COLLATE=utf8mb4_unicode_ci;

--
-- Dumping data for table `model_has_roles`
--

INSERT INTO `model_has_roles` (`role_id`, `model_type`, `model_id`) VALUES
(1, 'App\\Models\\User', 0),
(2, 'App\\Models\\User', 1),
(2, 'App\\Models\\User', 2);

-- --------------------------------------------------------

--
-- Table structure for table `password_reset_tokens`
--

CREATE TABLE `password_reset_tokens` (
  `email` varchar(255) COLLATE utf8mb4_unicode_ci NOT NULL,
  `token` varchar(255) COLLATE utf8mb4_unicode_ci NOT NULL,
  `created_at` timestamp NULL DEFAULT NULL
) ENGINE=InnoDB DEFAULT CHARSET=utf8mb4 COLLATE=utf8mb4_unicode_ci;

-- --------------------------------------------------------

--
-- Table structure for table `perangkat`
--

CREATE TABLE `perangkat` (
  `id` int(11) NOT NULL,
  `id_mesin` varchar(100) COLLATE utf8mb4_unicode_ci DEFAULT NULL,
  `nama_sekolah` varchar(200) COLLATE utf8mb4_unicode_ci DEFAULT NULL
) ENGINE=InnoDB DEFAULT CHARSET=utf8mb4 COLLATE=utf8mb4_unicode_ci;

-- --------------------------------------------------------

--
-- Table structure for table `permissions`
--

CREATE TABLE `permissions` (
  `id` bigint(20) UNSIGNED NOT NULL,
  `name` varchar(255) COLLATE utf8mb4_unicode_ci NOT NULL,
  `guard_name` varchar(255) COLLATE utf8mb4_unicode_ci NOT NULL,
  `created_at` timestamp NULL DEFAULT NULL,
  `updated_at` timestamp NULL DEFAULT NULL
) ENGINE=InnoDB DEFAULT CHARSET=utf8mb4 COLLATE=utf8mb4_unicode_ci;

-- --------------------------------------------------------

--
-- Table structure for table `personal_access_tokens`
--

CREATE TABLE `personal_access_tokens` (
  `id` bigint(20) UNSIGNED NOT NULL,
  `tokenable_type` varchar(255) COLLATE utf8mb4_unicode_ci NOT NULL,
  `tokenable_id` bigint(20) UNSIGNED NOT NULL,
  `name` varchar(255) COLLATE utf8mb4_unicode_ci NOT NULL,
  `token` varchar(64) COLLATE utf8mb4_unicode_ci NOT NULL,
  `abilities` text COLLATE utf8mb4_unicode_ci DEFAULT NULL,
  `last_used_at` timestamp NULL DEFAULT NULL,
  `expires_at` timestamp NULL DEFAULT NULL,
  `created_at` timestamp NULL DEFAULT NULL,
  `updated_at` timestamp NULL DEFAULT NULL
) ENGINE=InnoDB DEFAULT CHARSET=utf8mb4 COLLATE=utf8mb4_unicode_ci;

-- --------------------------------------------------------

--
-- Table structure for table `roles`
--

CREATE TABLE `roles` (
  `id` bigint(20) UNSIGNED NOT NULL,
  `name` varchar(255) COLLATE utf8mb4_unicode_ci NOT NULL,
  `guard_name` varchar(255) COLLATE utf8mb4_unicode_ci NOT NULL,
  `created_at` timestamp NULL DEFAULT NULL,
  `updated_at` timestamp NULL DEFAULT NULL
) ENGINE=InnoDB DEFAULT CHARSET=utf8mb4 COLLATE=utf8mb4_unicode_ci;

--
-- Dumping data for table `roles`
--

INSERT INTO `roles` (`id`, `name`, `guard_name`, `created_at`, `updated_at`) VALUES
(1, 'admin', 'web', '2024-03-01 13:01:22', '2024-03-01 13:01:22'),
(2, 'sekolah', 'web', '2024-03-01 13:01:22', '2024-03-01 13:01:22');

-- --------------------------------------------------------

--
-- Table structure for table `role_has_permissions`
--

CREATE TABLE `role_has_permissions` (
  `permission_id` bigint(20) UNSIGNED NOT NULL,
  `role_id` bigint(20) UNSIGNED NOT NULL
) ENGINE=InnoDB DEFAULT CHARSET=utf8mb4 COLLATE=utf8mb4_unicode_ci;

-- --------------------------------------------------------

--
-- Table structure for table `sekolah`
--

CREATE TABLE `sekolah` (
  `id` bigint(20) UNSIGNED NOT NULL,
  `id_user` bigint(20) NOT NULL,
  `id_mesin` varchar(17) COLLATE utf8mb4_unicode_ci NOT NULL,
  `nama_sekolah` varchar(100) COLLATE utf8mb4_unicode_ci NOT NULL,
  `email` varchar(100) COLLATE utf8mb4_unicode_ci NOT NULL,
  `pendidikan` varchar(100) COLLATE utf8mb4_unicode_ci NOT NULL,
  `npsn` varchar(100) COLLATE utf8mb4_unicode_ci NOT NULL,
  `created_at` timestamp NULL DEFAULT NULL,
  `updated_at` timestamp NULL DEFAULT NULL
) ENGINE=InnoDB DEFAULT CHARSET=utf8mb4 COLLATE=utf8mb4_unicode_ci;

--
-- Dumping data for table `sekolah`
--

INSERT INTO `sekolah` (`id`, `id_user`, `id_mesin`, `nama_sekolah`, `email`, `pendidikan`, `npsn`, `created_at`, `updated_at`) VALUES
(1, 1, '1', 'SMK PAB 12 SAENTIS', 'smkpab12saentis@gmail.com', 'SMK', '2333333333333333333141', NULL, NULL),
(2, 2, '2', 'SMK PANCA BUDI', 'habibqwerty26@gmail.com', 'SMK', 'sdfa', NULL, NULL);

-- --------------------------------------------------------

--
-- Table structure for table `settings`
--

CREATE TABLE `settings` (
  `id` int(11) NOT NULL,
  `id_sekolah` int(11) DEFAULT NULL,
  `bc` text DEFAULT NULL
) ENGINE=InnoDB DEFAULT CHARSET=utf8mb4;

--
-- Dumping data for table `settings`
--

INSERT INTO `settings` (`id`, `id_sekolah`, `bc`) VALUES
(1, 1, 'Ini sekolah dengan id 1'),
(2, 2, 'sudah di edit sekali {nama}');

-- --------------------------------------------------------

--
-- Table structure for table `siswa`
--

CREATE TABLE `siswa` (
  `id` char(36) COLLATE utf8mb4_unicode_ci NOT NULL,
  `id_sekolah` varchar(100) COLLATE utf8mb4_unicode_ci NOT NULL,
  `id_jurusan` varchar(100) COLLATE utf8mb4_unicode_ci NOT NULL,
  `id_kelas` varchar(100) COLLATE utf8mb4_unicode_ci NOT NULL,
  `nama_siswa` varchar(200) COLLATE utf8mb4_unicode_ci NOT NULL,
  `email` varchar(100) COLLATE utf8mb4_unicode_ci NOT NULL,
  `foto` varchar(100) COLLATE utf8mb4_unicode_ci DEFAULT NULL,
  `rfid` varchar(100) COLLATE utf8mb4_unicode_ci DEFAULT NULL,
  `no_hp` varchar(100) COLLATE utf8mb4_unicode_ci NOT NULL,
  `no_hp_ortu` varchar(100) COLLATE utf8mb4_unicode_ci NOT NULL,
  `created_at` timestamp NULL DEFAULT NULL,
  `updated_at` timestamp NULL DEFAULT NULL
) ENGINE=InnoDB DEFAULT CHARSET=utf8mb4 COLLATE=utf8mb4_unicode_ci;

--
-- Dumping data for table `siswa`
--

INSERT INTO `siswa` (`id`, `id_sekolah`, `id_jurusan`, `id_kelas`, `nama_siswa`, `email`, `foto`, `rfid`, `no_hp`, `no_hp_ortu`, `created_at`, `updated_at`) VALUES
('8p6psjyj3oo4owgc', '2', '3', '7', 'panjul', 'habibsh180@gmail.com', NULL, '9c6db889', '082169376803', '03124123', '2024-05-11 13:51:53', '2024-05-11 13:51:53'),
('9cdcnf5ozk008og0', '2', '4', '9', 'naila', 'habibqwerty26@gmail.com', NULL, 'qwerty', '0823456789', '082169376803', '2024-06-23 11:14:41', '2024-06-23 11:14:41'),
('ezaz5943a20o8sw4', '1', '1', '1', 'panjil', 'habibsh180@gmail.com', NULL, '1234567', '082169376803', '082169376803', '2024-03-05 11:22:39', '2024-03-05 11:22:39'),
('pnqtckfahxcwkooc', '2', '4', '9', 'panjil', 'habibqwerty26@gmail.com', NULL, 'sdfsdfsadfasd', '0823456789', '082169376803', '2024-06-23 11:13:43', '2024-06-23 11:13:43'),
('qyfqdgfbgwgc0cgk', '2', '3', '7', 'habib', 'habibqwerty26@gmail.com', NULL, 'f3ad2e11', '081263372219', '081263372219', '2024-05-11 13:53:07', '2024-05-11 13:53:07');

-- --------------------------------------------------------

--
-- Table structure for table `users`
--

CREATE TABLE `users` (
  `id` bigint(20) NOT NULL,
  `name` varchar(255) COLLATE utf8mb4_unicode_ci DEFAULT NULL,
  `username` varchar(255) COLLATE utf8mb4_unicode_ci DEFAULT NULL,
  `password` varchar(255) COLLATE utf8mb4_unicode_ci DEFAULT NULL
) ENGINE=InnoDB DEFAULT CHARSET=utf8mb4 COLLATE=utf8mb4_unicode_ci;

--
-- Dumping data for table `users`
--

INSERT INTO `users` (`id`, `name`, `username`, `password`) VALUES
(0, 'admin', 'admin', '$2y$12$P2UmSWrr.rawZ0DRuN0nautqfXN4OaGpwTsQ.u721OPKRaE5G0IcG'),
(1, NULL, '321', '$2y$12$gCjpLEMRk5rJhLRalTxe/OJH4rtBJSPepJNYfyrYShVO8M3Qnatw.'),
(2, NULL, '123', '$2y$12$xfXne51qrYbdFA30NbuBSOYP3U3/Z4hI4lP7raXoiwK8vJnZyuaay');

-- --------------------------------------------------------

--
-- Table structure for table `websockets_statistics_entries`
--

CREATE TABLE `websockets_statistics_entries` (
  `id` int(10) UNSIGNED NOT NULL,
  `app_id` varchar(255) COLLATE utf8mb4_unicode_ci NOT NULL,
  `peak_connection_count` int(11) NOT NULL,
  `websocket_message_count` int(11) NOT NULL,
  `api_message_count` int(11) NOT NULL,
  `created_at` timestamp NULL DEFAULT NULL,
  `updated_at` timestamp NULL DEFAULT NULL
) ENGINE=InnoDB DEFAULT CHARSET=utf8mb4 COLLATE=utf8mb4_unicode_ci;

--
-- Dumping data for table `websockets_statistics_entries`
--

INSERT INTO `websockets_statistics_entries` (`id`, `app_id`, `peak_connection_count`, `websocket_message_count`, `api_message_count`, `created_at`, `updated_at`) VALUES
(1, 'local', 1, 9, 0, '2024-05-10 13:34:59', '2024-05-10 13:34:59'),
(2, 'local', 1, 1, 1, '2024-05-10 13:35:59', '2024-05-10 13:35:59'),
(3, 'local', 1, 1, 1, '2024-05-10 13:36:59', '2024-05-10 13:36:59'),
(4, 'local', 1, 1, 1, '2024-05-10 13:37:59', '2024-05-10 13:37:59'),
(5, 'local', 1, 1, 1, '2024-05-10 13:38:59', '2024-05-10 13:38:59'),
(6, 'local', 1, 0, 1, '2024-05-10 13:39:59', '2024-05-10 13:39:59'),
(7, 'local', 1, 0, 1, '2024-05-10 13:40:59', '2024-05-10 13:40:59'),
(8, 'local', 1, 0, 1, '2024-05-10 13:42:05', '2024-05-10 13:42:05'),
(9, 'local', 1, 0, 1, '2024-05-10 13:42:59', '2024-05-10 13:42:59'),
(10, 'local', 1, 0, 3, '2024-05-10 13:43:59', '2024-05-10 13:43:59'),
(11, 'local', 1, 1, 2, '2024-05-10 13:44:59', '2024-05-10 13:44:59'),
(12, 'local', 1, 1, 1, '2024-05-10 13:45:59', '2024-05-10 13:45:59'),
(13, 'local', 1, 1, 1, '2024-05-10 13:46:59', '2024-05-10 13:46:59'),
(14, 'local', 1, 1, 1, '2024-05-10 13:47:59', '2024-05-10 13:47:59'),
(15, 'local', 1, 1, 1, '2024-05-10 13:48:59', '2024-05-10 13:48:59'),
(16, 'local', 2, 3, 2, '2024-05-10 13:49:59', '2024-05-10 13:49:59'),
(17, 'local', 2, 3, 1, '2024-05-10 13:50:59', '2024-05-10 13:50:59'),
(18, 'local', 2, 3, 1, '2024-05-10 13:51:59', '2024-05-10 13:51:59'),
(19, 'local', 2, 3, 1, '2024-05-10 13:52:59', '2024-05-10 13:52:59'),
(20, 'local', 2, 2, 1, '2024-05-10 13:53:59', '2024-05-10 13:53:59'),
(21, 'local', 2, 2, 1, '2024-05-10 13:54:59', '2024-05-10 13:54:59'),
(22, 'local', 2, 2, 1, '2024-05-10 13:55:59', '2024-05-10 13:55:59'),
(23, 'local', 2, 2, 1, '2024-05-10 13:56:59', '2024-05-10 13:56:59'),
(24, 'local', 2, 2, 1, '2024-05-10 13:57:59', '2024-05-10 13:57:59'),
(25, 'local', 2, 2, 1, '2024-05-10 13:58:59', '2024-05-10 13:58:59'),
(26, 'local', 2, 2, 1, '2024-05-10 13:59:59', '2024-05-10 13:59:59'),
(27, 'local', 2, 1, 1, '2024-05-10 14:00:59', '2024-05-10 14:00:59'),
(28, 'local', 2, 2, 1, '2024-05-10 14:01:59', '2024-05-10 14:01:59'),
(29, 'local', 2, 2, 1, '2024-05-10 14:02:59', '2024-05-10 14:02:59'),
(30, 'local', 2, 2, 1, '2024-05-10 14:03:59', '2024-05-10 14:03:59'),
(31, 'local', 2, 2, 1, '2024-05-10 14:04:59', '2024-05-10 14:04:59'),
(32, 'local', 2, 2, 1, '2024-05-10 14:05:59', '2024-05-10 14:05:59'),
(33, 'local', 2, 2, 1, '2024-05-10 14:06:59', '2024-05-10 14:06:59'),
(34, 'local', 2, 2, 1, '2024-05-10 14:07:59', '2024-05-10 14:07:59'),
(35, 'local', 2, 2, 1, '2024-05-10 14:08:59', '2024-05-10 14:08:59'),
(36, 'local', 2, 2, 1, '2024-05-10 14:09:59', '2024-05-10 14:09:59'),
(37, 'local', 2, 2, 1, '2024-05-10 14:10:59', '2024-05-10 14:10:59'),
(38, 'local', 2, 2, 1, '2024-05-10 14:11:59', '2024-05-10 14:11:59'),
(39, 'local', 2, 2, 1, '2024-05-10 14:13:05', '2024-05-10 14:13:05'),
(40, 'local', 2, 2, 1, '2024-05-10 14:13:59', '2024-05-10 14:13:59'),
(41, 'local', 2, 2, 1, '2024-05-10 14:14:59', '2024-05-10 14:14:59'),
(42, 'local', 2, 1, 1, '2024-05-10 14:15:59', '2024-05-10 14:15:59'),
(43, 'local', 2, 2, 1, '2024-05-10 14:16:59', '2024-05-10 14:16:59'),
(44, 'local', 2, 2, 1, '2024-05-10 14:17:59', '2024-05-10 14:17:59'),
(45, 'local', 2, 2, 1, '2024-05-10 14:18:59', '2024-05-10 14:18:59'),
(46, 'local', 2, 2, 1, '2024-05-10 14:19:59', '2024-05-10 14:19:59'),
(47, 'local', 2, 2, 2, '2024-05-10 14:20:59', '2024-05-10 14:20:59'),
(48, 'local', 2, 2, 4, '2024-05-10 14:21:59', '2024-05-10 14:21:59'),
(49, 'local', 2, 2, 2, '2024-05-10 14:22:59', '2024-05-10 14:22:59'),
(50, 'local', 1, 3, 1, '2024-05-10 14:23:59', '2024-05-10 14:23:59'),
(51, 'local', 1, 3, 1, '2024-05-10 14:24:59', '2024-05-10 14:24:59'),
(52, 'local', 1, 3, 1, '2024-05-10 14:25:59', '2024-05-10 14:25:59'),
(53, 'local', 1, 2, 1, '2024-05-10 14:26:59', '2024-05-10 14:26:59'),
(54, 'local', 1, 2, 1, '2024-05-10 14:27:59', '2024-05-10 14:27:59'),
(55, 'local', 1, 2, 1, '2024-05-10 14:28:59', '2024-05-10 14:28:59'),
(56, 'local', 1, 2, 1, '2024-05-10 14:29:59', '2024-05-10 14:29:59'),
(57, 'local', 1, 2, 1, '2024-05-10 14:30:59', '2024-05-10 14:30:59'),
(58, 'local', 1, 2, 1, '2024-05-10 14:31:59', '2024-05-10 14:31:59'),
(59, 'local', 1, 2, 1, '2024-05-10 14:32:59', '2024-05-10 14:32:59'),
(60, 'local', 1, 2, 1, '2024-05-10 14:33:59', '2024-05-10 14:33:59'),
(61, 'local', 1, 1, 1, '2024-05-10 14:34:59', '2024-05-10 14:34:59'),
(62, 'local', 1, 2, 1, '2024-05-10 14:35:59', '2024-05-10 14:35:59'),
(63, 'local', 1, 2, 1, '2024-05-10 14:36:59', '2024-05-10 14:36:59'),
(64, 'local', 1, 3, 1, '2024-05-10 14:37:59', '2024-05-10 14:37:59'),
(65, 'local', 2, 1, 3, '2024-05-10 14:38:59', '2024-05-10 14:38:59'),
(66, 'local', 2, 2, 1, '2024-05-10 14:39:59', '2024-05-10 14:39:59'),
(67, 'local', 2, 2, 1, '2024-05-10 14:40:59', '2024-05-10 14:40:59'),
(68, 'local', 2, 2, 1, '2024-05-10 14:41:59', '2024-05-10 14:41:59'),
(69, 'local', 2, 2, 1, '2024-05-10 14:42:59', '2024-05-10 14:42:59'),
(70, 'local', 2, 2, 1, '2024-05-10 14:43:59', '2024-05-10 14:43:59'),
(71, 'local', 2, 2, 1, '2024-05-10 14:44:59', '2024-05-10 14:44:59'),
(72, 'local', 2, 2, 1, '2024-05-10 14:45:59', '2024-05-10 14:45:59'),
(73, 'local', 2, 2, 1, '2024-05-10 14:46:59', '2024-05-10 14:46:59'),
(74, 'local', 2, 2, 1, '2024-05-10 14:47:59', '2024-05-10 14:47:59'),
(75, 'local', 2, 3, 1, '2024-05-10 14:48:59', '2024-05-10 14:48:59'),
(76, 'local', 2, 3, 1, '2024-05-10 14:49:59', '2024-05-10 14:49:59'),
(77, 'local', 2, 3, 1, '2024-05-10 14:51:00', '2024-05-10 14:51:00'),
(78, 'local', 2, 3, 1, '2024-05-10 14:51:59', '2024-05-10 14:51:59'),
(79, 'local', 2, 2, 1, '2024-05-10 14:52:59', '2024-05-10 14:52:59'),
(80, 'local', 2, 2, 1, '2024-05-10 14:53:59', '2024-05-10 14:53:59'),
(81, 'local', 2, 2, 1, '2024-05-10 14:54:59', '2024-05-10 14:54:59'),
(82, 'local', 2, 2, 1, '2024-05-10 14:55:59', '2024-05-10 14:55:59'),
(83, 'local', 2, 2, 1, '2024-05-10 14:56:59', '2024-05-10 14:56:59'),
(84, 'local', 2, 2, 1, '2024-05-10 14:57:59', '2024-05-10 14:57:59'),
(85, 'local', 2, 2, 1, '2024-05-10 14:58:59', '2024-05-10 14:58:59'),
(86, 'local', 2, 2, 1, '2024-05-10 14:59:59', '2024-05-10 14:59:59'),
(87, 'local', 2, 2, 1, '2024-05-10 15:00:59', '2024-05-10 15:00:59'),
(88, 'local', 2, 2, 1, '2024-05-10 15:02:00', '2024-05-10 15:02:00'),
(89, 'local', 2, 2, 1, '2024-05-10 15:02:59', '2024-05-10 15:02:59'),
(90, 'local', 2, 2, 1, '2024-05-10 15:03:59', '2024-05-10 15:03:59'),
(91, 'local', 2, 2, 1, '2024-05-10 15:05:00', '2024-05-10 15:05:00'),
(92, 'local', 2, 2, 1, '2024-05-10 15:05:59', '2024-05-10 15:05:59'),
(93, 'local', 2, 2, 1, '2024-05-10 15:06:59', '2024-05-10 15:06:59'),
(94, 'local', 2, 1, 1, '2024-05-10 15:08:00', '2024-05-10 15:08:00'),
(95, 'local', 2, 2, 1, '2024-05-10 15:08:59', '2024-05-10 15:08:59'),
(96, 'local', 2, 2, 1, '2024-05-10 15:10:00', '2024-05-10 15:10:00'),
(97, 'local', 2, 2, 1, '2024-05-10 15:11:00', '2024-05-10 15:11:00'),
(98, 'local', 2, 2, 1, '2024-05-10 15:12:00', '2024-05-10 15:12:00'),
(99, 'local', 2, 2, 1, '2024-05-10 15:13:00', '2024-05-10 15:13:00'),
(100, 'local', 2, 2, 1, '2024-05-10 15:14:00', '2024-05-10 15:14:00'),
(101, 'local', 2, 2, 1, '2024-05-10 15:15:00', '2024-05-10 15:15:00'),
(102, 'local', 2, 2, 1, '2024-05-10 15:16:00', '2024-05-10 15:16:00'),
(103, 'local', 2, 2, 1, '2024-05-10 15:17:00', '2024-05-10 15:17:00'),
(104, 'local', 2, 2, 1, '2024-05-10 15:18:00', '2024-05-10 15:18:00'),
(105, 'local', 2, 2, 1, '2024-05-10 15:19:00', '2024-05-10 15:19:00'),
(106, 'local', 2, 2, 1, '2024-05-10 15:20:00', '2024-05-10 15:20:00'),
(107, 'local', 2, 2, 1, '2024-05-10 15:21:00', '2024-05-10 15:21:00'),
(108, 'local', 2, 2, 1, '2024-05-10 15:22:00', '2024-05-10 15:22:00'),
(109, 'local', 2, 2, 1, '2024-05-10 15:23:00', '2024-05-10 15:23:00'),
(110, 'local', 2, 1, 1, '2024-05-10 15:24:00', '2024-05-10 15:24:00'),
(111, 'local', 2, 2, 1, '2024-05-10 15:25:00', '2024-05-10 15:25:00'),
(112, 'local', 2, 2, 1, '2024-05-10 15:26:00', '2024-05-10 15:26:00'),
(113, 'local', 2, 2, 1, '2024-05-10 15:27:00', '2024-05-10 15:27:00'),
(114, 'local', 2, 2, 1, '2024-05-10 15:28:00', '2024-05-10 15:28:00'),
(115, 'local', 1, 8, 0, '2024-05-11 13:50:03', '2024-05-11 13:50:03'),
(116, 'local', 1, 1, 2, '2024-05-11 13:51:03', '2024-05-11 13:51:03'),
(117, 'local', 2, 2, 5, '2024-05-11 13:52:03', '2024-05-11 13:52:03'),
(118, 'local', 2, 2, 2, '2024-05-11 13:53:03', '2024-05-11 13:53:03'),
(119, 'local', 2, 4, 1, '2024-05-11 13:54:03', '2024-05-11 13:54:03'),
(120, 'local', 1, 3, 1, '2024-05-11 13:55:03', '2024-05-11 13:55:03'),
(121, 'local', 1, 3, 1, '2024-05-11 13:56:03', '2024-05-11 13:56:03'),
(122, 'local', 1, 3, 1, '2024-05-11 13:57:03', '2024-05-11 13:57:03'),
(123, 'local', 1, 3, 2, '2024-05-11 13:58:03', '2024-05-11 13:58:03'),
(124, 'local', 1, 2, 1, '2024-05-11 13:59:03', '2024-05-11 13:59:03'),
(125, 'local', 1, 2, 1, '2024-05-11 14:00:03', '2024-05-11 14:00:03'),
(126, 'local', 1, 2, 1, '2024-05-11 14:01:03', '2024-05-11 14:01:03'),
(127, 'local', 1, 2, 1, '2024-05-11 14:02:03', '2024-05-11 14:02:03'),
(128, 'local', 1, 2, 1, '2024-05-11 14:03:03', '2024-05-11 14:03:03'),
(129, 'local', 1, 1, 1, '2024-05-11 14:04:03', '2024-05-11 14:04:03'),
(130, 'local', 1, 2, 1, '2024-05-11 14:05:03', '2024-05-11 14:05:03'),
(131, 'local', 1, 2, 1, '2024-05-11 14:06:03', '2024-05-11 14:06:03'),
(132, 'local', 1, 2, 1, '2024-05-11 14:07:03', '2024-05-11 14:07:03'),
(133, 'local', 1, 2, 1, '2024-05-11 14:08:03', '2024-05-11 14:08:03'),
(134, 'local', 1, 2, 2, '2024-05-11 14:09:03', '2024-05-11 14:09:03'),
(135, 'local', 1, 2, 1, '2024-05-11 14:10:03', '2024-05-11 14:10:03'),
(136, 'local', 1, 2, 1, '2024-05-11 14:11:03', '2024-05-11 14:11:03'),
(137, 'local', 1, 2, 1, '2024-05-11 14:12:03', '2024-05-11 14:12:03'),
(138, 'local', 1, 2, 1, '2024-05-11 14:13:03', '2024-05-11 14:13:03'),
(139, 'local', 1, 2, 1, '2024-05-11 14:14:03', '2024-05-11 14:14:03'),
(140, 'local', 1, 2, 1, '2024-05-11 14:15:03', '2024-05-11 14:15:03'),
(141, 'local', 1, 2, 1, '2024-05-11 14:16:03', '2024-05-11 14:16:03'),
(142, 'local', 1, 2, 1, '2024-05-11 14:17:09', '2024-05-11 14:17:09'),
(143, 'local', 1, 2, 2, '2024-05-11 14:18:03', '2024-05-11 14:18:03'),
(144, 'local', 1, 1, 1, '2024-05-11 14:19:03', '2024-05-11 14:19:03'),
(145, 'local', 1, 2, 1, '2024-05-11 14:20:03', '2024-05-11 14:20:03'),
(146, 'local', 1, 2, 1, '2024-05-11 14:21:03', '2024-05-11 14:21:03'),
(147, 'local', 1, 2, 1, '2024-05-11 14:22:03', '2024-05-11 14:22:03'),
(148, 'local', 1, 2, 1, '2024-05-11 14:23:03', '2024-05-11 14:23:03'),
(149, 'local', 1, 2, 1, '2024-05-11 14:24:03', '2024-05-11 14:24:03'),
(150, 'local', 1, 2, 1, '2024-05-11 14:25:03', '2024-05-11 14:25:03'),
(151, 'local', 1, 2, 1, '2024-05-11 14:26:03', '2024-05-11 14:26:03'),
(152, 'local', 1, 2, 1, '2024-05-11 14:27:03', '2024-05-11 14:27:03'),
(153, 'local', 1, 2, 1, '2024-05-11 14:28:03', '2024-05-11 14:28:03'),
(154, 'local', 1, 2, 1, '2024-05-11 14:29:03', '2024-05-11 14:29:03'),
(155, 'local', 1, 2, 1, '2024-05-11 14:30:03', '2024-05-11 14:30:03'),
(156, 'local', 1, 2, 1, '2024-05-11 14:31:03', '2024-05-11 14:31:03'),
(157, 'local', 1, 2, 1, '2024-05-11 14:32:03', '2024-05-11 14:32:03'),
(158, 'local', 1, 1, 1, '2024-05-11 14:33:03', '2024-05-11 14:33:03'),
(159, 'local', 1, 2, 1, '2024-05-11 14:34:03', '2024-05-11 14:34:03'),
(160, 'local', 1, 2, 1, '2024-05-11 14:35:03', '2024-05-11 14:35:03'),
(161, 'local', 1, 2, 1, '2024-05-11 14:36:03', '2024-05-11 14:36:03'),
(162, 'local', 1, 2, 1, '2024-05-11 14:37:03', '2024-05-11 14:37:03'),
(163, 'local', 1, 2, 1, '2024-05-11 14:38:03', '2024-05-11 14:38:03'),
(164, 'local', 1, 2, 1, '2024-05-11 14:39:03', '2024-05-11 14:39:03'),
(165, 'local', 1, 2, 1, '2024-05-11 14:40:03', '2024-05-11 14:40:03'),
(166, 'local', 1, 2, 1, '2024-05-11 14:41:03', '2024-05-11 14:41:03'),
(167, 'local', 1, 2, 1, '2024-05-11 14:42:03', '2024-05-11 14:42:03'),
(168, 'local', 1, 2, 1, '2024-05-11 14:43:03', '2024-05-11 14:43:03'),
(169, 'local', 1, 2, 1, '2024-05-11 14:44:03', '2024-05-11 14:44:03'),
(170, 'local', 1, 1, 1, '2024-05-11 14:45:03', '2024-05-11 14:45:03'),
(171, 'local', 0, 2, 1, '2024-05-11 14:46:03', '2024-05-11 14:46:03'),
(172, 'local', 0, 2, 1, '2024-05-11 14:47:03', '2024-05-11 14:47:03'),
(173, 'local', 0, 2, 1, '2024-05-11 14:48:03', '2024-05-11 14:48:03'),
(174, 'local', 0, 2, 1, '2024-05-11 14:49:03', '2024-05-11 14:49:03'),
(175, 'local', 0, 2, 1, '2024-05-11 14:50:03', '2024-05-11 14:50:03'),
(176, 'local', 0, 2, 1, '2024-05-11 14:51:03', '2024-05-11 14:51:03'),
(177, 'local', 0, 2, 1, '2024-05-11 14:52:03', '2024-05-11 14:52:03'),
(178, 'local', 0, 2, 1, '2024-05-11 14:53:03', '2024-05-11 14:53:03'),
(179, 'local', 0, 2, 1, '2024-05-11 14:54:03', '2024-05-11 14:54:03'),
(180, 'local', 0, 2, 1, '2024-05-11 14:55:03', '2024-05-11 14:55:03'),
(181, 'local', 0, 2, 1, '2024-05-11 14:56:03', '2024-05-11 14:56:03'),
(182, 'local', 0, 1, 1, '2024-05-11 14:57:03', '2024-05-11 14:57:03'),
(183, 'local', 0, 2, 1, '2024-05-11 14:58:03', '2024-05-11 14:58:03'),
(184, 'local', 1, 4, 1, '2024-05-11 14:59:03', '2024-05-11 14:59:03'),
(185, 'local', 1, 2, 1, '2024-05-11 15:00:03', '2024-05-11 15:00:03'),
(186, 'local', 1, 2, 1, '2024-05-11 15:01:03', '2024-05-11 15:01:03'),
(187, 'local', 1, 2, 1, '2024-05-11 15:02:03', '2024-05-11 15:02:03'),
(188, 'local', 1, 2, 1, '2024-05-11 15:03:03', '2024-05-11 15:03:03'),
(189, 'local', 1, 1, 1, '2024-05-11 15:04:03', '2024-05-11 15:04:03'),
(190, 'local', 1, 8, 1, '2024-05-11 15:05:03', '2024-05-11 15:05:03'),
(191, 'local', 1, 2, 1, '2024-05-11 15:06:03', '2024-05-11 15:06:03'),
(192, 'local', 1, 2, 1, '2024-05-11 15:07:03', '2024-05-11 15:07:03'),
(193, 'local', 1, 2, 1, '2024-05-11 15:08:03', '2024-05-11 15:08:03'),
(194, 'local', 1, 2, 1, '2024-05-11 15:09:03', '2024-05-11 15:09:03'),
(195, 'local', 1, 1, 1, '2024-05-11 15:10:04', '2024-05-11 15:10:04'),
(196, 'local', 2, 1, 1, '2024-05-11 15:11:03', '2024-05-11 15:11:03'),
(197, 'local', 1, 2, 1, '2024-05-11 15:12:03', '2024-05-11 15:12:03'),
(198, 'local', 1, 3, 1, '2024-05-11 15:13:03', '2024-05-11 15:13:03'),
(199, 'local', 1, 3, 1, '2024-05-11 15:14:03', '2024-05-11 15:14:03'),
(200, 'local', 1, 3, 1, '2024-05-11 15:15:03', '2024-05-11 15:15:03'),
(201, 'local', 1, 3, 1, '2024-05-11 15:16:03', '2024-05-11 15:16:03'),
(202, 'local', 1, 2, 1, '2024-05-11 15:17:03', '2024-05-11 15:17:03'),
(203, 'local', 1, 3, 1, '2024-05-11 15:18:04', '2024-05-11 15:18:04'),
(204, 'local', 1, 3, 1, '2024-05-11 15:19:03', '2024-05-11 15:19:03'),
(205, 'local', 1, 3, 1, '2024-05-11 15:20:04', '2024-05-11 15:20:04'),
(206, 'local', 1, 3, 1, '2024-05-11 15:21:03', '2024-05-11 15:21:03'),
(207, 'local', 1, 3, 1, '2024-05-11 15:22:04', '2024-05-11 15:22:04'),
(208, 'local', 1, 2, 1, '2024-05-11 15:23:04', '2024-05-11 15:23:04'),
(209, 'local', 1, 2, 1, '2024-05-11 15:24:03', '2024-05-11 15:24:03'),
(210, 'local', 1, 2, 1, '2024-05-11 15:25:03', '2024-05-11 15:25:03'),
(211, 'local', 1, 2, 1, '2024-05-11 15:26:04', '2024-05-11 15:26:04'),
(212, 'local', 1, 2, 1, '2024-05-11 15:27:04', '2024-05-11 15:27:04'),
(213, 'local', 1, 1, 1, '2024-05-11 15:28:04', '2024-05-11 15:28:04'),
(214, 'local', 1, 2, 1, '2024-05-11 15:29:04', '2024-05-11 15:29:04'),
(215, 'local', 1, 2, 1, '2024-05-11 15:30:04', '2024-05-11 15:30:04'),
(216, 'local', 1, 2, 1, '2024-05-11 15:31:04', '2024-05-11 15:31:04'),
(217, 'local', 1, 2, 1, '2024-05-11 15:32:04', '2024-05-11 15:32:04'),
(218, 'local', 1, 2, 1, '2024-05-11 15:33:04', '2024-05-11 15:33:04'),
(219, 'local', 1, 2, 1, '2024-05-11 15:34:04', '2024-05-11 15:34:04'),
(220, 'local', 1, 2, 1, '2024-05-11 15:35:04', '2024-05-11 15:35:04'),
(221, 'local', 1, 2, 1, '2024-05-11 15:36:04', '2024-05-11 15:36:04'),
(222, 'local', 1, 2, 1, '2024-05-11 15:37:04', '2024-05-11 15:37:04'),
(223, 'local', 1, 2, 1, '2024-05-11 15:38:04', '2024-05-11 15:38:04'),
(224, 'local', 1, 2, 1, '2024-05-11 15:39:04', '2024-05-11 15:39:04'),
(225, 'local', 1, 2, 1, '2024-05-11 15:40:04', '2024-05-11 15:40:04'),
(226, 'local', 1, 2, 1, '2024-05-11 15:41:04', '2024-05-11 15:41:04'),
(227, 'local', 1, 2, 1, '2024-05-11 15:42:04', '2024-05-11 15:42:04'),
(228, 'local', 1, 2, 1, '2024-05-11 15:43:04', '2024-05-11 15:43:04'),
(229, 'local', 1, 1, 1, '2024-05-11 15:44:04', '2024-05-11 15:44:04'),
(230, 'local', 1, 2, 1, '2024-05-11 15:45:04', '2024-05-11 15:45:04'),
(231, 'local', 1, 2, 1, '2024-05-11 15:46:04', '2024-05-11 15:46:04'),
(232, 'local', 1, 2, 1, '2024-05-11 15:47:04', '2024-05-11 15:47:04'),
(233, 'local', 1, 2, 1, '2024-05-11 15:48:04', '2024-05-11 15:48:04'),
(234, 'local', 1, 2, 1, '2024-05-11 15:49:04', '2024-05-11 15:49:04'),
(235, 'local', 1, 2, 1, '2024-05-11 15:50:04', '2024-05-11 15:50:04'),
(236, 'local', 1, 2, 1, '2024-05-11 15:51:04', '2024-05-11 15:51:04'),
(237, 'local', 1, 2, 1, '2024-05-11 15:52:04', '2024-05-11 15:52:04'),
(238, 'local', 1, 2, 1, '2024-05-11 15:53:04', '2024-05-11 15:53:04'),
(239, 'local', 1, 2, 1, '2024-05-11 15:54:04', '2024-05-11 15:54:04'),
(240, 'local', 1, 2, 1, '2024-05-11 15:55:04', '2024-05-11 15:55:04'),
(241, 'local', 1, 2, 1, '2024-05-11 15:56:04', '2024-05-11 15:56:04'),
(242, 'local', 1, 2, 1, '2024-05-11 15:57:04', '2024-05-11 15:57:04'),
(243, 'local', 1, 2, 1, '2024-05-11 15:58:04', '2024-05-11 15:58:04'),
(244, 'local', 1, 1, 1, '2024-05-11 15:59:04', '2024-05-11 15:59:04'),
(245, 'local', 1, 2, 1, '2024-05-11 16:00:04', '2024-05-11 16:00:04'),
(246, 'local', 1, 2, 1, '2024-05-11 16:01:04', '2024-05-11 16:01:04'),
(247, 'local', 1, 2, 1, '2024-05-11 16:02:04', '2024-05-11 16:02:04'),
(248, 'local', 1, 2, 1, '2024-05-11 16:03:04', '2024-05-11 16:03:04'),
(249, 'local', 1, 2, 1, '2024-05-11 16:04:04', '2024-05-11 16:04:04'),
(250, 'local', 1, 2, 1, '2024-05-11 16:05:04', '2024-05-11 16:05:04'),
(251, 'local', 1, 2, 1, '2024-05-11 16:06:04', '2024-05-11 16:06:04'),
(252, 'local', 1, 2, 1, '2024-05-11 16:07:04', '2024-05-11 16:07:04'),
(253, 'local', 1, 2, 1, '2024-05-11 16:08:04', '2024-05-11 16:08:04'),
(254, 'local', 1, 3, 1, '2024-05-11 16:09:04', '2024-05-11 16:09:04'),
(255, 'local', 2, 9, 0, '2024-05-12 07:32:28', '2024-05-12 07:32:28'),
(256, 'local', 2, 2, 2, '2024-05-12 07:33:27', '2024-05-12 07:33:27'),
(257, 'local', 2, 4, 1, '2024-05-12 07:34:27', '2024-05-12 07:34:27'),
(258, 'local', 2, 2, 2, '2024-05-12 07:35:27', '2024-05-12 07:35:27'),
(259, 'local', 2, 3, 1, '2024-05-12 07:36:27', '2024-05-12 07:36:27'),
(260, 'local', 2, 3, 1, '2024-05-12 07:37:27', '2024-05-12 07:37:27'),
(261, 'local', 2, 2, 2, '2024-05-12 07:38:27', '2024-05-12 07:38:27'),
(262, 'local', 2, 3, 1, '2024-05-12 07:39:27', '2024-05-12 07:39:27'),
(263, 'local', 2, 4, 1, '2024-05-12 07:40:28', '2024-05-12 07:40:28'),
(264, 'local', 2, 5, 2, '2024-05-12 07:41:27', '2024-05-12 07:41:27'),
(265, 'local', 2, 3, 2, '2024-05-12 07:42:28', '2024-05-12 07:42:28'),
(266, 'local', 2, 4, 2, '2024-05-12 07:43:27', '2024-05-12 07:43:27'),
(267, 'local', 2, 2, 1, '2024-05-12 07:44:27', '2024-05-12 07:44:27'),
(268, 'local', 2, 1, 2, '2024-05-12 07:45:27', '2024-05-12 07:45:27'),
(269, 'local', 2, 2, 1, '2024-05-12 07:46:27', '2024-05-12 07:46:27'),
(270, 'local', 2, 2, 1, '2024-05-12 07:47:27', '2024-05-12 07:47:27'),
(271, 'local', 2, 2, 1, '2024-05-12 07:48:27', '2024-05-12 07:48:27'),
(272, 'local', 2, 2, 1, '2024-05-12 07:49:27', '2024-05-12 07:49:27'),
(273, 'local', 2, 2, 4, '2024-05-12 07:50:27', '2024-05-12 07:50:27'),
(274, 'local', 2, 4, 1, '2024-05-12 07:51:27', '2024-05-12 07:51:27'),
(275, 'local', 2, 3, 1, '2024-05-12 07:52:27', '2024-05-12 07:52:27'),
(276, 'local', 2, 3, 1, '2024-05-12 07:53:27', '2024-05-12 07:53:27'),
(277, 'local', 2, 3, 1, '2024-05-12 07:54:27', '2024-05-12 07:54:27'),
(278, 'local', 2, 4, 1, '2024-05-12 07:55:27', '2024-05-12 07:55:27'),
(279, 'local', 2, 1, 2, '2024-05-12 07:56:27', '2024-05-12 07:56:27'),
(280, 'local', 2, 2, 1, '2024-05-12 07:57:27', '2024-05-12 07:57:27'),
(281, 'local', 2, 2, 1, '2024-05-12 07:58:27', '2024-05-12 07:58:27'),
(282, 'local', 2, 2, 1, '2024-05-12 07:59:27', '2024-05-12 07:59:27'),
(283, 'local', 2, 2, 1, '2024-05-12 08:00:27', '2024-05-12 08:00:27'),
(284, 'local', 2, 2, 1, '2024-05-12 08:01:27', '2024-05-12 08:01:27'),
(285, 'local', 2, 2, 1, '2024-05-12 08:02:28', '2024-05-12 08:02:28'),
(286, 'local', 2, 2, 1, '2024-05-12 08:03:27', '2024-05-12 08:03:27'),
(287, 'local', 2, 2, 1, '2024-05-12 08:04:28', '2024-05-12 08:04:28'),
(288, 'local', 2, 2, 1, '2024-05-12 08:05:28', '2024-05-12 08:05:28'),
(289, 'local', 2, 2, 1, '2024-05-12 08:06:28', '2024-05-12 08:06:28'),
(290, 'local', 2, 1, 1, '2024-05-12 08:07:28', '2024-05-12 08:07:28'),
(291, 'local', 2, 2, 1, '2024-05-12 08:08:28', '2024-05-12 08:08:28'),
(292, 'local', 2, 2, 1, '2024-05-12 08:09:28', '2024-05-12 08:09:28'),
(293, 'local', 2, 2, 1, '2024-05-12 08:10:28', '2024-05-12 08:10:28'),
(294, 'local', 2, 2, 1, '2024-05-12 08:11:28', '2024-05-12 08:11:28'),
(295, 'local', 2, 2, 1, '2024-05-12 08:12:28', '2024-05-12 08:12:28'),
(296, 'local', 2, 2, 1, '2024-05-12 08:13:28', '2024-05-12 08:13:28'),
(297, 'local', 2, 2, 1, '2024-05-12 08:14:28', '2024-05-12 08:14:28'),
(298, 'local', 2, 2, 1, '2024-05-12 08:15:28', '2024-05-12 08:15:28'),
(299, 'local', 2, 2, 1, '2024-05-12 08:16:28', '2024-05-12 08:16:28'),
(300, 'local', 2, 2, 1, '2024-05-12 08:17:28', '2024-05-12 08:17:28'),
(301, 'local', 2, 2, 1, '2024-05-12 08:18:28', '2024-05-12 08:18:28'),
(302, 'local', 2, 2, 1, '2024-05-12 08:19:28', '2024-05-12 08:19:28'),
(303, 'local', 2, 2, 1, '2024-05-12 08:20:28', '2024-05-12 08:20:28'),
(304, 'local', 2, 2, 1, '2024-05-12 08:21:28', '2024-05-12 08:21:28'),
(305, 'local', 2, 2, 1, '2024-05-12 08:22:28', '2024-05-12 08:22:28'),
(306, 'local', 2, 2, 1, '2024-05-12 08:23:28', '2024-05-12 08:23:28'),
(307, 'local', 2, 2, 2, '2024-05-12 08:24:28', '2024-05-12 08:24:28'),
(308, 'local', 2, 2, 1, '2024-05-12 08:25:28', '2024-05-12 08:25:28'),
(309, 'local', 2, 2, 1, '2024-05-12 08:26:28', '2024-05-12 08:26:28'),
(310, 'local', 2, 3, 1, '2024-05-12 08:27:28', '2024-05-12 08:27:28'),
(311, 'local', 2, 3, 4, '2024-05-12 08:28:28', '2024-05-12 08:28:28'),
(312, 'local', 1, 2, 2, '2024-05-12 08:29:28', '2024-05-12 08:29:28'),
(313, 'local', 2, 2, 1, '2024-05-12 08:30:28', '2024-05-12 08:30:28'),
(314, 'local', 2, 2, 1, '2024-05-12 08:31:28', '2024-05-12 08:31:28'),
(315, 'local', 2, 3, 1, '2024-05-12 08:32:28', '2024-05-12 08:32:28'),
(316, 'local', 2, 2, 2, '2024-05-12 08:33:28', '2024-05-12 08:33:28'),
(317, 'local', 2, 3, 3, '2024-05-12 08:34:28', '2024-05-12 08:34:28'),
(318, 'local', 2, 3, 2, '2024-05-12 08:35:28', '2024-05-12 08:35:28'),
(319, 'local', 2, 4, 2, '2024-05-12 08:36:28', '2024-05-12 08:36:28'),
(320, 'local', 2, 4, 2, '2024-05-12 08:37:28', '2024-05-12 08:37:28'),
(321, 'local', 2, 2, 2, '2024-05-12 08:38:28', '2024-05-12 08:38:28'),
(322, 'local', 2, 3, 2, '2024-05-12 08:39:28', '2024-05-12 08:39:28'),
(323, 'local', 2, 3, 2, '2024-05-12 08:40:28', '2024-05-12 08:40:28'),
(324, 'local', 2, 2, 1, '2024-05-12 08:41:28', '2024-05-12 08:41:28'),
(325, 'local', 2, 2, 1, '2024-05-12 08:42:28', '2024-05-12 08:42:28'),
(326, 'local', 2, 2, 1, '2024-05-12 08:43:28', '2024-05-12 08:43:28'),
(327, 'local', 2, 2, 1, '2024-05-12 08:44:28', '2024-05-12 08:44:28'),
(328, 'local', 2, 2, 1, '2024-05-12 08:45:28', '2024-05-12 08:45:28'),
(329, 'local', 2, 2, 1, '2024-05-12 08:46:30', '2024-05-12 08:46:30'),
(330, 'local', 2, 2, 1, '2024-05-12 08:47:30', '2024-05-12 08:47:30'),
(331, 'local', 2, 2, 1, '2024-05-12 08:48:30', '2024-05-12 08:48:30'),
(332, 'local', 2, 2, 1, '2024-05-12 08:49:30', '2024-05-12 08:49:30'),
(333, 'local', 2, 2, 1, '2024-05-12 08:50:30', '2024-05-12 08:50:30'),
(334, 'local', 2, 1, 1, '2024-05-12 08:51:30', '2024-05-12 08:51:30'),
(335, 'local', 2, 2, 1, '2024-05-12 08:52:30', '2024-05-12 08:52:30'),
(336, 'local', 2, 2, 1, '2024-05-12 08:53:30', '2024-05-12 08:53:30'),
(337, 'local', 2, 2, 1, '2024-05-12 08:54:30', '2024-05-12 08:54:30'),
(338, 'local', 2, 2, 1, '2024-05-12 08:55:30', '2024-05-12 08:55:30'),
(339, 'local', 2, 2, 1, '2024-05-12 08:56:30', '2024-05-12 08:56:30'),
(340, 'local', 2, 2, 1, '2024-05-12 08:57:30', '2024-05-12 08:57:30'),
(341, 'local', 2, 2, 1, '2024-05-12 08:58:30', '2024-05-12 08:58:30'),
(342, 'local', 2, 2, 1, '2024-05-12 08:59:30', '2024-05-12 08:59:30'),
(343, 'local', 2, 2, 1, '2024-05-12 09:00:30', '2024-05-12 09:00:30'),
(344, 'local', 2, 2, 1, '2024-05-12 09:01:30', '2024-05-12 09:01:30'),
(345, 'local', 2, 2, 1, '2024-05-12 09:02:30', '2024-05-12 09:02:30'),
(346, 'local', 2, 2, 1, '2024-05-12 09:03:30', '2024-05-12 09:03:30'),
(347, 'local', 2, 2, 1, '2024-05-12 09:04:30', '2024-05-12 09:04:30'),
(348, 'local', 2, 2, 1, '2024-05-12 09:05:30', '2024-05-12 09:05:30'),
(349, 'local', 2, 2, 1, '2024-05-12 09:06:30', '2024-05-12 09:06:30'),
(350, 'local', 2, 1, 1, '2024-05-12 09:07:30', '2024-05-12 09:07:30'),
(351, 'local', 2, 2, 1, '2024-05-12 09:08:30', '2024-05-12 09:08:30'),
(352, 'local', 2, 2, 1, '2024-05-12 09:09:30', '2024-05-12 09:09:30'),
(353, 'local', 2, 2, 1, '2024-05-12 09:10:30', '2024-05-12 09:10:30'),
(354, 'local', 2, 2, 1, '2024-05-12 09:11:30', '2024-05-12 09:11:30'),
(355, 'local', 2, 2, 1, '2024-05-12 09:44:42', '2024-05-12 09:44:42'),
(356, 'local', 1, 2, 1, '2024-05-12 09:45:42', '2024-05-12 09:45:42'),
(357, 'local', 1, 2, 1, '2024-05-12 09:46:42', '2024-05-12 09:46:42'),
(358, 'local', 1, 2, 1, '2024-05-12 09:47:42', '2024-05-12 09:47:42'),
(359, 'local', 1, 2, 1, '2024-05-12 09:48:42', '2024-05-12 09:48:42'),
(360, 'local', 1, 2, 2, '2024-05-12 09:49:42', '2024-05-12 09:49:42'),
(361, 'local', 1, 2, 1, '2024-05-12 09:50:42', '2024-05-12 09:50:42'),
(362, 'local', 1, 2, 1, '2024-05-12 09:51:42', '2024-05-12 09:51:42'),
(363, 'local', 1, 2, 1, '2024-05-12 09:52:42', '2024-05-12 09:52:42'),
(364, 'local', 1, 2, 1, '2024-05-12 09:53:42', '2024-05-12 09:53:42'),
(365, 'local', 1, 2, 1, '2024-05-12 09:54:42', '2024-05-12 09:54:42'),
(366, 'local', 1, 2, 1, '2024-05-12 09:55:42', '2024-05-12 09:55:42'),
(367, 'local', 1, 2, 1, '2024-05-12 09:56:42', '2024-05-12 09:56:42'),
(368, 'local', 1, 2, 1, '2024-05-12 09:57:42', '2024-05-12 09:57:42'),
(369, 'local', 1, 2, 1, '2024-05-12 09:58:42', '2024-05-12 09:58:42'),
(370, 'local', 1, 2, 1, '2024-05-12 09:59:42', '2024-05-12 09:59:42'),
(371, 'local', 1, 1, 1, '2024-05-12 10:00:42', '2024-05-12 10:00:42'),
(372, 'local', 1, 2, 1, '2024-05-12 10:01:42', '2024-05-12 10:01:42'),
(373, 'local', 2, 11, 1, '2024-05-12 10:02:42', '2024-05-12 10:02:42'),
(374, 'local', 2, 3, 1, '2024-05-12 10:03:42', '2024-05-12 10:03:42'),
(375, 'local', 2, 3, 1, '2024-05-12 10:04:42', '2024-05-12 10:04:42'),
(376, 'local', 2, 3, 1, '2024-05-12 10:05:42', '2024-05-12 10:05:42'),
(377, 'local', 2, 3, 1, '2024-05-12 10:06:42', '2024-05-12 10:06:42'),
(378, 'local', 2, 2, 1, '2024-05-12 10:07:42', '2024-05-12 10:07:42'),
(379, 'local', 2, 2, 1, '2024-05-12 10:08:42', '2024-05-12 10:08:42'),
(380, 'local', 2, 2, 1, '2024-05-12 10:09:42', '2024-05-12 10:09:42'),
(381, 'local', 2, 2, 1, '2024-05-12 10:10:42', '2024-05-12 10:10:42'),
(382, 'local', 2, 2, 1, '2024-05-12 10:11:42', '2024-05-12 10:11:42'),
(383, 'local', 2, 2, 1, '2024-05-12 10:12:42', '2024-05-12 10:12:42'),
(384, 'local', 2, 2, 1, '2024-05-12 10:13:42', '2024-05-12 10:13:42'),
(385, 'local', 2, 3, 1, '2024-05-12 10:14:42', '2024-05-12 10:14:42'),
(386, 'local', 2, 2, 5, '2024-05-12 10:15:42', '2024-05-12 10:15:42'),
(387, 'local', 2, 2, 1, '2024-05-12 10:16:42', '2024-05-12 10:16:42'),
(388, 'local', 2, 2, 1, '2024-05-12 10:17:42', '2024-05-12 10:17:42'),
(389, 'local', 2, 2, 1, '2024-05-12 10:18:42', '2024-05-12 10:18:42'),
(390, 'local', 2, 2, 1, '2024-05-12 10:19:42', '2024-05-12 10:19:42'),
(391, 'local', 2, 3, 3, '2024-05-12 10:20:42', '2024-05-12 10:20:42'),
(392, 'local', 2, 2, 1, '2024-05-12 10:21:42', '2024-05-12 10:21:42'),
(393, 'local', 2, 4, 1, '2024-05-12 10:22:42', '2024-05-12 10:22:42'),
(394, 'local', 2, 3, 4, '2024-05-12 10:23:42', '2024-05-12 10:23:42'),
(395, 'local', 2, 3, 10, '2024-05-12 10:24:42', '2024-05-12 10:24:42'),
(396, 'local', 2, 4, 4, '2024-05-12 10:25:42', '2024-05-12 10:25:42'),
(397, 'local', 2, 3, 2, '2024-05-12 10:26:42', '2024-05-12 10:26:42'),
(398, 'local', 2, 2, 1, '2024-05-12 10:27:42', '2024-05-12 10:27:42'),
(399, 'local', 2, 4, 4, '2024-05-12 10:28:42', '2024-05-12 10:28:42'),
(400, 'local', 2, 3, 2, '2024-05-12 10:29:42', '2024-05-12 10:29:42'),
(401, 'local', 2, 3, 2, '2024-05-12 10:30:42', '2024-05-12 10:30:42'),
(402, 'local', 2, 5, 1, '2024-05-12 10:31:42', '2024-05-12 10:31:42'),
(403, 'local', 2, 2, 3, '2024-05-12 10:32:42', '2024-05-12 10:32:42'),
(404, 'local', 2, 2, 1, '2024-05-12 10:33:42', '2024-05-12 10:33:42'),
(405, 'local', 2, 3, 4, '2024-05-12 10:34:42', '2024-05-12 10:34:42'),
(406, 'local', 2, 2, 1, '2024-05-12 10:35:42', '2024-05-12 10:35:42'),
(407, 'local', 2, 3, 2, '2024-05-12 10:36:42', '2024-05-12 10:36:42'),
(408, 'local', 2, 1, 3, '2024-05-12 10:37:42', '2024-05-12 10:37:42'),
(409, 'local', 2, 2, 1, '2024-05-12 10:38:42', '2024-05-12 10:38:42'),
(410, 'local', 2, 3, 1, '2024-05-12 10:39:42', '2024-05-12 10:39:42'),
(411, 'local', 2, 2, 1, '2024-05-12 10:40:42', '2024-05-12 10:40:42'),
(412, 'local', 2, 2, 1, '2024-05-12 10:41:42', '2024-05-12 10:41:42'),
(413, 'local', 2, 3, 2, '2024-05-12 10:42:42', '2024-05-12 10:42:42'),
(414, 'local', 2, 2, 1, '2024-05-12 10:43:42', '2024-05-12 10:43:42'),
(415, 'local', 2, 2, 3, '2024-05-12 10:44:42', '2024-05-12 10:44:42'),
(416, 'local', 2, 3, 1, '2024-05-12 10:45:42', '2024-05-12 10:45:42'),
(417, 'local', 2, 2, 2, '2024-05-12 10:46:42', '2024-05-12 10:46:42'),
(418, 'local', 2, 3, 1, '2024-05-12 10:47:42', '2024-05-12 10:47:42'),
(419, 'local', 2, 2, 1, '2024-05-12 10:48:42', '2024-05-12 10:48:42'),
(420, 'local', 2, 4, 1, '2024-05-12 10:49:42', '2024-05-12 10:49:42'),
(421, 'local', 2, 4, 1, '2024-05-12 10:50:42', '2024-05-12 10:50:42'),
(422, 'local', 2, 3, 5, '2024-05-12 10:51:42', '2024-05-12 10:51:42'),
(423, 'local', 2, 1, 3, '2024-05-12 10:52:42', '2024-05-12 10:52:42'),
(424, 'local', 2, 2, 1, '2024-05-12 10:53:42', '2024-05-12 10:53:42'),
(425, 'local', 2, 2, 1, '2024-05-12 10:54:42', '2024-05-12 10:54:42'),
(426, 'local', 2, 2, 1, '2024-05-12 10:55:42', '2024-05-12 10:55:42'),
(427, 'local', 2, 2, 1, '2024-05-12 10:56:42', '2024-05-12 10:56:42'),
(428, 'local', 2, 2, 1, '2024-05-12 10:57:42', '2024-05-12 10:57:42'),
(429, 'local', 2, 1, 1, '2024-05-12 10:58:42', '2024-05-12 10:58:42'),
(430, 'local', 2, 2, 1, '2024-05-12 10:59:42', '2024-05-12 10:59:42'),
(431, 'local', 2, 2, 1, '2024-05-12 11:00:42', '2024-05-12 11:00:42'),
(432, 'local', 2, 2, 1, '2024-05-12 11:01:42', '2024-05-12 11:01:42'),
(433, 'local', 2, 2, 1, '2024-05-12 11:02:42', '2024-05-12 11:02:42'),
(434, 'local', 2, 2, 1, '2024-05-12 11:03:42', '2024-05-12 11:03:42'),
(435, 'local', 2, 2, 1, '2024-05-12 11:04:42', '2024-05-12 11:04:42'),
(436, 'local', 2, 2, 1, '2024-05-12 11:05:42', '2024-05-12 11:05:42'),
(437, 'local', 2, 2, 1, '2024-05-12 11:06:42', '2024-05-12 11:06:42'),
(438, 'local', 2, 2, 1, '2024-05-12 11:07:42', '2024-05-12 11:07:42'),
(439, 'local', 2, 2, 1, '2024-05-12 11:08:42', '2024-05-12 11:08:42'),
(440, 'local', 2, 2, 1, '2024-05-12 11:09:42', '2024-05-12 11:09:42'),
(441, 'local', 2, 2, 1, '2024-05-12 11:10:42', '2024-05-12 11:10:42'),
(442, 'local', 2, 2, 1, '2024-05-12 11:11:42', '2024-05-12 11:11:42'),
(443, 'local', 2, 2, 1, '2024-05-12 11:12:42', '2024-05-12 11:12:42'),
(444, 'local', 2, 1, 1, '2024-05-12 11:13:42', '2024-05-12 11:13:42'),
(445, 'local', 2, 2, 1, '2024-05-12 11:14:42', '2024-05-12 11:14:42'),
(446, 'local', 2, 2, 1, '2024-05-12 11:15:42', '2024-05-12 11:15:42'),
(447, 'local', 2, 2, 1, '2024-05-12 11:16:42', '2024-05-12 11:16:42'),
(448, 'local', 2, 2, 1, '2024-05-12 11:17:42', '2024-05-12 11:17:42'),
(449, 'local', 2, 2, 1, '2024-05-12 11:18:42', '2024-05-12 11:18:42'),
(450, 'local', 2, 2, 1, '2024-05-12 11:19:42', '2024-05-12 11:19:42'),
(451, 'local', 2, 3, 1, '2024-05-12 11:20:42', '2024-05-12 11:20:42'),
(452, 'local', 3, 3, 3, '2024-05-12 11:21:42', '2024-05-12 11:21:42'),
(453, 'local', 3, 5, 1, '2024-05-12 11:22:43', '2024-05-12 11:22:43'),
(454, 'local', 3, 4, 1, '2024-05-12 11:23:42', '2024-05-12 11:23:42'),
(455, 'local', 2, 7, 1, '2024-05-12 11:24:43', '2024-05-12 11:24:43'),
(456, 'local', 3, 5, 1, '2024-05-12 11:25:42', '2024-05-12 11:25:42'),
(457, 'local', 3, 9, 1, '2024-05-12 11:26:43', '2024-05-12 11:26:43'),
(458, 'local', 3, 5, 1, '2024-05-12 11:27:43', '2024-05-12 11:27:43'),
(459, 'local', 3, 2, 1, '2024-05-12 11:28:43', '2024-05-12 11:28:43'),
(460, 'local', 3, 2, 1, '2024-05-12 11:29:43', '2024-05-12 11:29:43'),
(461, 'local', 3, 2, 1, '2024-05-12 11:30:43', '2024-05-12 11:30:43'),
(462, 'local', 3, 4, 1, '2024-05-12 11:31:43', '2024-05-12 11:31:43'),
(463, 'local', 3, 1, 1, '2024-05-12 11:32:43', '2024-05-12 11:32:43'),
(464, 'local', 1, 0, 1, '2024-05-12 11:33:43', '2024-05-12 11:33:43'),
(465, 'local', 2, 1, 1, '2024-05-12 11:34:43', '2024-05-12 11:34:43'),
(466, 'local', 2, 5, 1, '2024-05-12 11:35:43', '2024-05-12 11:35:43'),
(467, 'local', 2, 2, 1, '2024-05-12 11:36:43', '2024-05-12 11:36:43'),
(468, 'local', 2, 2, 1, '2024-05-12 11:37:43', '2024-05-12 11:37:43'),
(469, 'local', 2, 1, 1, '2024-05-12 11:38:43', '2024-05-12 11:38:43'),
(470, 'local', 2, 2, 1, '2024-05-12 11:39:43', '2024-05-12 11:39:43'),
(471, 'local', 2, 2, 1, '2024-05-12 11:40:43', '2024-05-12 11:40:43'),
(472, 'local', 2, 2, 1, '2024-05-12 11:41:43', '2024-05-12 11:41:43'),
(473, 'local', 2, 2, 1, '2024-05-12 11:42:43', '2024-05-12 11:42:43'),
(474, 'local', 2, 2, 1, '2024-05-12 11:43:43', '2024-05-12 11:43:43'),
(475, 'local', 2, 2, 1, '2024-05-12 11:44:43', '2024-05-12 11:44:43'),
(476, 'local', 2, 2, 1, '2024-05-12 11:45:43', '2024-05-12 11:45:43'),
(477, 'local', 2, 3, 1, '2024-05-12 11:46:43', '2024-05-12 11:46:43'),
(478, 'local', 2, 2, 1, '2024-05-12 11:47:43', '2024-05-12 11:47:43'),
(479, 'local', 2, 2, 1, '2024-05-12 11:48:43', '2024-05-12 11:48:43'),
(480, 'local', 2, 2, 1, '2024-05-12 11:49:43', '2024-05-12 11:49:43'),
(481, 'local', 2, 2, 1, '2024-05-12 11:50:43', '2024-05-12 11:50:43'),
(482, 'local', 2, 2, 1, '2024-05-12 11:51:43', '2024-05-12 11:51:43'),
(483, 'local', 2, 2, 1, '2024-05-12 11:52:43', '2024-05-12 11:52:43'),
(484, 'local', 2, 2, 1, '2024-05-12 11:53:43', '2024-05-12 11:53:43'),
(485, 'local', 2, 2, 1, '2024-05-12 11:54:43', '2024-05-12 11:54:43'),
(486, 'local', 2, 2, 1, '2024-05-12 11:55:43', '2024-05-12 11:55:43'),
(487, 'local', 2, 2, 1, '2024-05-12 11:56:43', '2024-05-12 11:56:43'),
(488, 'local', 2, 2, 1, '2024-05-12 11:57:43', '2024-05-12 11:57:43'),
(489, 'local', 2, 1, 1, '2024-05-12 11:58:43', '2024-05-12 11:58:43'),
(490, 'local', 1, 2, 10, '2024-05-12 11:59:43', '2024-05-12 11:59:43'),
(491, 'local', 2, 2, 1, '2024-05-12 12:00:43', '2024-05-12 12:00:43'),
(492, 'local', 1, 2, 1, '2024-05-12 12:01:43', '2024-05-12 12:01:43'),
(493, 'local', 1, 2, 1, '2024-05-12 12:02:43', '2024-05-12 12:02:43'),
(494, 'local', 1, 2, 1, '2024-05-12 12:03:43', '2024-05-12 12:03:43'),
(495, 'local', 1, 2, 2, '2024-05-12 12:04:43', '2024-05-12 12:04:43'),
(496, 'local', 2, 3, 1, '2024-05-12 12:05:43', '2024-05-12 12:05:43'),
(497, 'local', 2, 3, 1, '2024-05-12 12:06:43', '2024-05-12 12:06:43'),
(498, 'local', 2, 3, 1, '2024-05-12 12:07:43', '2024-05-12 12:07:43'),
(499, 'local', 2, 3, 1, '2024-05-12 12:08:43', '2024-05-12 12:08:43'),
(500, 'local', 2, 3, 1, '2024-05-12 12:09:43', '2024-05-12 12:09:43'),
(501, 'local', 2, 1, 1, '2024-05-12 12:10:43', '2024-05-12 12:10:43'),
(502, 'local', 2, 2, 1, '2024-05-12 12:11:43', '2024-05-12 12:11:43'),
(503, 'local', 2, 2, 1, '2024-05-12 12:12:43', '2024-05-12 12:12:43'),
(504, 'local', 2, 2, 1, '2024-05-12 12:13:43', '2024-05-12 12:13:43'),
(505, 'local', 2, 2, 1, '2024-05-12 12:14:43', '2024-05-12 12:14:43'),
(506, 'local', 2, 2, 1, '2024-05-12 12:15:44', '2024-05-12 12:15:44'),
(507, 'local', 2, 2, 1, '2024-05-12 12:16:43', '2024-05-12 12:16:43'),
(508, 'local', 2, 2, 1, '2024-05-12 12:17:43', '2024-05-12 12:17:43'),
(509, 'local', 2, 2, 1, '2024-05-12 12:18:43', '2024-05-12 12:18:43'),
(510, 'local', 2, 2, 1, '2024-05-12 12:19:43', '2024-05-12 12:19:43'),
(511, 'local', 2, 2, 1, '2024-05-12 12:20:43', '2024-05-12 12:20:43'),
(512, 'local', 2, 2, 1, '2024-05-12 12:21:43', '2024-05-12 12:21:43'),
(513, 'local', 2, 2, 1, '2024-05-12 12:22:43', '2024-05-12 12:22:43'),
(514, 'local', 2, 2, 1, '2024-05-12 12:23:43', '2024-05-12 12:23:43'),
(515, 'local', 2, 2, 1, '2024-05-12 12:24:43', '2024-05-12 12:24:43'),
(516, 'local', 2, 1, 1, '2024-05-12 12:25:43', '2024-05-12 12:25:43'),
(517, 'local', 2, 2, 1, '2024-05-12 12:26:43', '2024-05-12 12:26:43'),
(518, 'local', 2, 2, 2, '2024-05-12 12:27:43', '2024-05-12 12:27:43'),
(519, 'local', 2, 4, 1, '2024-05-12 12:28:43', '2024-05-12 12:28:43'),
(520, 'local', 2, 3, 4, '2024-05-12 12:29:43', '2024-05-12 12:29:43'),
(521, 'local', 2, 4, 1, '2024-05-12 12:30:43', '2024-05-12 12:30:43'),
(522, 'local', 2, 4, 1, '2024-05-12 12:31:43', '2024-05-12 12:31:43'),
(523, 'local', 2, 3, 1, '2024-05-12 12:32:43', '2024-05-12 12:32:43'),
(524, 'local', 1, 3, 2, '2024-05-12 12:33:43', '2024-05-12 12:33:43'),
(525, 'local', 2, 1, 3, '2024-05-12 12:34:43', '2024-05-12 12:34:43'),
(526, 'local', 2, 3, 1, '2024-05-12 12:35:43', '2024-05-12 12:35:43'),
(527, 'local', 2, 1, 3, '2024-05-12 12:36:43', '2024-05-12 12:36:43'),
(528, 'local', 1, 2, 2, '2024-05-12 12:37:43', '2024-05-12 12:37:43'),
(529, 'local', 2, 2, 1, '2024-05-12 12:38:43', '2024-05-12 12:38:43'),
(530, 'local', 2, 2, 1, '2024-05-12 12:39:43', '2024-05-12 12:39:43'),
(531, 'local', 2, 2, 1, '2024-05-12 12:40:43', '2024-05-12 12:40:43'),
(532, 'local', 2, 2, 1, '2024-05-12 12:41:43', '2024-05-12 12:41:43'),
(533, 'local', 2, 2, 1, '2024-05-12 12:42:43', '2024-05-12 12:42:43'),
(534, 'local', 2, 1, 1, '2024-05-12 12:43:43', '2024-05-12 12:43:43'),
(535, 'local', 2, 2, 1, '2024-05-12 12:44:43', '2024-05-12 12:44:43'),
(536, 'local', 2, 2, 1, '2024-05-12 12:45:43', '2024-05-12 12:45:43'),
(537, 'local', 2, 2, 1, '2024-05-12 12:46:43', '2024-05-12 12:46:43'),
(538, 'local', 2, 2, 1, '2024-05-12 12:47:43', '2024-05-12 12:47:43'),
(539, 'local', 2, 2, 1, '2024-05-12 12:48:43', '2024-05-12 12:48:43'),
(540, 'local', 2, 2, 1, '2024-05-12 12:49:43', '2024-05-12 12:49:43'),
(541, 'local', 2, 2, 1, '2024-05-12 12:50:43', '2024-05-12 12:50:43'),
(542, 'local', 2, 2, 1, '2024-05-12 12:51:43', '2024-05-12 12:51:43'),
(543, 'local', 2, 2, 1, '2024-05-12 12:52:43', '2024-05-12 12:52:43'),
(544, 'local', 2, 2, 1, '2024-05-12 12:53:43', '2024-05-12 12:53:43'),
(545, 'local', 2, 2, 1, '2024-05-12 12:54:43', '2024-05-12 12:54:43'),
(546, 'local', 2, 2, 1, '2024-05-12 12:55:43', '2024-05-12 12:55:43'),
(547, 'local', 2, 2, 1, '2024-05-12 12:56:43', '2024-05-12 12:56:43'),
(548, 'local', 2, 2, 1, '2024-05-12 12:57:43', '2024-05-12 12:57:43'),
(549, 'local', 2, 2, 1, '2024-05-12 12:58:43', '2024-05-12 12:58:43'),
(550, 'local', 2, 1, 1, '2024-05-12 12:59:43', '2024-05-12 12:59:43'),
(551, 'local', 2, 2, 1, '2024-05-12 13:00:43', '2024-05-12 13:00:43'),
(552, 'local', 2, 2, 1, '2024-05-12 13:01:43', '2024-05-12 13:01:43'),
(553, 'local', 2, 2, 1, '2024-05-12 13:02:43', '2024-05-12 13:02:43'),
(554, 'local', 2, 2, 1, '2024-05-12 13:03:43', '2024-05-12 13:03:43'),
(555, 'local', 2, 2, 1, '2024-05-12 13:04:43', '2024-05-12 13:04:43'),
(556, 'local', 2, 2, 1, '2024-05-12 13:05:43', '2024-05-12 13:05:43'),
(557, 'local', 2, 2, 1, '2024-05-12 13:06:43', '2024-05-12 13:06:43'),
(558, 'local', 2, 2, 1, '2024-05-12 13:07:43', '2024-05-12 13:07:43'),
(559, 'local', 2, 2, 1, '2024-05-12 13:08:43', '2024-05-12 13:08:43'),
(560, 'local', 2, 2, 1, '2024-05-12 13:09:43', '2024-05-12 13:09:43'),
(561, 'local', 2, 2, 1, '2024-05-12 13:10:43', '2024-05-12 13:10:43'),
(562, 'local', 2, 2, 1, '2024-05-12 13:11:43', '2024-05-12 13:11:43'),
(563, 'local', 2, 2, 1, '2024-05-12 13:12:43', '2024-05-12 13:12:43'),
(564, 'local', 2, 2, 1, '2024-05-12 13:13:43', '2024-05-12 13:13:43'),
(565, 'local', 2, 1, 1, '2024-05-12 13:14:43', '2024-05-12 13:14:43'),
(566, 'local', 2, 2, 1, '2024-05-12 13:15:43', '2024-05-12 13:15:43'),
(567, 'local', 2, 2, 1, '2024-05-12 13:16:43', '2024-05-12 13:16:43'),
(568, 'local', 2, 2, 1, '2024-05-12 13:17:43', '2024-05-12 13:17:43'),
(569, 'local', 1, 8, 0, '2024-05-13 12:01:47', '2024-05-13 12:01:47'),
(570, 'local', 2, 3, 1, '2024-05-13 12:02:46', '2024-05-13 12:02:46'),
(571, 'local', 1, 3, 1, '2024-05-13 12:03:46', '2024-05-13 12:03:46'),
(572, 'local', 1, 3, 1, '2024-05-13 12:04:46', '2024-05-13 12:04:46'),
(573, 'local', 1, 3, 1, '2024-05-13 12:05:46', '2024-05-13 12:05:46'),
(574, 'local', 1, 3, 1, '2024-05-13 12:06:46', '2024-05-13 12:06:46'),
(575, 'local', 1, 2, 1, '2024-05-13 12:07:46', '2024-05-13 12:07:46'),
(576, 'local', 1, 2, 1, '2024-05-13 12:08:46', '2024-05-13 12:08:46'),
(577, 'local', 1, 2, 1, '2024-05-13 12:09:46', '2024-05-13 12:09:46'),
(578, 'local', 1, 0, 1, '2024-05-13 12:10:46', '2024-05-13 12:10:46'),
(579, 'local', 1, 0, 1, '2024-05-13 12:11:46', '2024-05-13 12:11:46'),
(580, 'local', 1, 0, 1, '2024-05-13 12:12:46', '2024-05-13 12:12:46'),
(581, 'local', 1, 2, 2, '2024-05-13 12:13:46', '2024-05-13 12:13:46'),
(582, 'local', 2, 2, 2, '2024-05-13 12:14:46', '2024-05-13 12:14:46'),
(583, 'local', 2, 2, 1, '2024-05-13 12:15:46', '2024-05-13 12:15:46'),
(584, 'local', 2, 2, 1, '2024-05-13 12:16:46', '2024-05-13 12:16:46'),
(585, 'local', 2, 1, 4, '2024-05-13 12:17:46', '2024-05-13 12:17:46'),
(586, 'local', 1, 2, 1, '2024-05-13 12:18:46', '2024-05-13 12:18:46'),
(587, 'local', 1, 2, 1, '2024-05-13 12:19:46', '2024-05-13 12:19:46'),
(588, 'local', 1, 2, 1, '2024-05-13 12:20:46', '2024-05-13 12:20:46'),
(589, 'local', 1, 2, 1, '2024-05-13 12:21:46', '2024-05-13 12:21:46'),
(590, 'local', 1, 2, 1, '2024-05-13 12:22:46', '2024-05-13 12:22:46'),
(591, 'local', 1, 2, 1, '2024-05-13 12:23:46', '2024-05-13 12:23:46'),
(592, 'local', 1, 2, 1, '2024-05-13 12:24:46', '2024-05-13 12:24:46'),
(593, 'local', 1, 2, 1, '2024-05-13 12:25:46', '2024-05-13 12:25:46'),
(594, 'local', 1, 2, 1, '2024-05-13 12:26:46', '2024-05-13 12:26:46'),
(595, 'local', 1, 2, 1, '2024-05-13 12:27:46', '2024-05-13 12:27:46'),
(596, 'local', 1, 2, 1, '2024-05-13 12:28:46', '2024-05-13 12:28:46'),
(597, 'local', 1, 2, 1, '2024-05-13 12:29:46', '2024-05-13 12:29:46'),
(598, 'local', 1, 2, 1, '2024-05-13 12:30:46', '2024-05-13 12:30:46'),
(599, 'local', 1, 2, 1, '2024-05-13 12:31:46', '2024-05-13 12:31:46'),
(600, 'local', 1, 1, 1, '2024-05-13 12:32:46', '2024-05-13 12:32:46'),
(601, 'local', 1, 3, 3, '2024-05-13 12:33:46', '2024-05-13 12:33:46'),
(602, 'local', 2, 2, 2, '2024-05-13 12:34:46', '2024-05-13 12:34:46'),
(603, 'local', 2, 2, 1, '2024-05-13 12:35:46', '2024-05-13 12:35:46'),
(604, 'local', 2, 2, 1, '2024-05-13 12:36:46', '2024-05-13 12:36:46'),
(605, 'local', 2, 2, 1, '2024-05-13 12:37:46', '2024-05-13 12:37:46'),
(606, 'local', 2, 2, 3, '2024-05-13 12:38:46', '2024-05-13 12:38:46'),
(607, 'local', 2, 2, 2, '2024-05-13 12:39:46', '2024-05-13 12:39:46'),
(608, 'local', 2, 2, 2, '2024-05-13 12:40:46', '2024-05-13 12:40:46'),
(609, 'local', 2, 2, 1, '2024-05-13 12:41:46', '2024-05-13 12:41:46'),
(610, 'local', 2, 1, 1, '2024-05-13 12:42:46', '2024-05-13 12:42:46'),
(611, 'local', 2, 2, 1, '2024-05-13 12:43:46', '2024-05-13 12:43:46'),
(612, 'local', 2, 2, 1, '2024-05-13 12:44:46', '2024-05-13 12:44:46'),
(613, 'local', 1, 2, 2, '2024-05-13 12:45:46', '2024-05-13 12:45:46'),
(614, 'local', 1, 1, 1, '2024-05-13 12:46:46', '2024-05-13 12:46:46'),
(615, 'local', 1, 2, 1, '2024-05-13 12:47:46', '2024-05-13 12:47:46'),
(616, 'local', 1, 2, 3, '2024-05-13 12:48:46', '2024-05-13 12:48:46'),
(617, 'local', 2, 2, 2, '2024-05-13 12:49:46', '2024-05-13 12:49:46'),
(618, 'local', 2, 2, 1, '2024-05-13 12:50:46', '2024-05-13 12:50:46'),
(619, 'local', 2, 2, 1, '2024-05-13 12:51:46', '2024-05-13 12:51:46'),
(620, 'local', 2, 2, 1, '2024-05-13 12:52:46', '2024-05-13 12:52:46'),
(621, 'local', 2, 1, 1, '2024-05-13 12:53:46', '2024-05-13 12:53:46'),
(622, 'local', 1, 2, 1, '2024-05-13 12:54:46', '2024-05-13 12:54:46'),
(623, 'local', 1, 2, 1, '2024-05-13 12:55:46', '2024-05-13 12:55:46'),
(624, 'local', 1, 2, 1, '2024-05-13 12:56:46', '2024-05-13 12:56:46'),
(625, 'local', 1, 2, 1, '2024-05-13 12:57:46', '2024-05-13 12:57:46'),
(626, 'local', 1, 2, 1, '2024-05-13 12:58:46', '2024-05-13 12:58:46'),
(627, 'local', 1, 1, 2, '2024-05-13 12:59:46', '2024-05-13 12:59:46'),
(628, 'local', 1, 3, 5, '2024-05-13 13:00:46', '2024-05-13 13:00:46'),
(629, 'local', 2, 2, 5, '2024-05-13 13:01:46', '2024-05-13 13:01:46'),
(630, 'local', 2, 2, 1, '2024-05-13 13:02:46', '2024-05-13 13:02:46'),
(631, 'local', 2, 1, 1, '2024-05-13 13:03:46', '2024-05-13 13:03:46'),
(632, 'local', 2, 3, 2, '2024-05-13 13:04:46', '2024-05-13 13:04:46'),
(633, 'local', 2, 2, 2, '2024-05-13 13:05:46', '2024-05-13 13:05:46'),
(634, 'local', 1, 2, 2, '2024-05-13 13:06:46', '2024-05-13 13:06:46'),
(635, 'local', 2, 1, 8, '2024-05-13 13:07:46', '2024-05-13 13:07:46'),
(636, 'local', 2, 2, 1, '2024-05-13 13:08:46', '2024-05-13 13:08:46'),
(637, 'local', 2, 2, 1, '2024-05-13 13:09:46', '2024-05-13 13:09:46'),
(638, 'local', 2, 2, 1, '2024-05-13 13:10:46', '2024-05-13 13:10:46'),
(639, 'local', 2, 2, 1, '2024-05-13 13:11:46', '2024-05-13 13:11:46'),
(640, 'local', 2, 2, 1, '2024-05-13 13:12:46', '2024-05-13 13:12:46'),
(641, 'local', 2, 2, 1, '2024-05-13 13:13:46', '2024-05-13 13:13:46'),
(642, 'local', 2, 2, 2, '2024-05-13 13:14:46', '2024-05-13 13:14:46'),
(643, 'local', 1, 2, 5, '2024-05-13 13:15:46', '2024-05-13 13:15:46'),
(644, 'local', 1, 1, 5, '2024-05-13 13:16:46', '2024-05-13 13:16:46'),
(645, 'local', 1, 1, 6, '2024-05-13 13:17:46', '2024-05-13 13:17:46'),
(646, 'local', 1, 2, 3, '2024-05-13 13:18:46', '2024-05-13 13:18:46'),
(647, 'local', 2, 2, 1, '2024-05-13 13:19:47', '2024-05-13 13:19:47'),
(648, 'local', 2, 1, 6, '2024-05-13 13:20:46', '2024-05-13 13:20:46'),
(649, 'local', 1, 3, 1, '2024-05-13 13:21:46', '2024-05-13 13:21:46'),
(650, 'local', 2, 1, 4, '2024-05-13 13:22:46', '2024-05-13 13:22:46'),
(651, 'local', 1, 2, 2, '2024-05-13 13:23:47', '2024-05-13 13:23:47'),
(652, 'local', 1, 2, 1, '2024-05-13 13:24:46', '2024-05-13 13:24:46'),
(653, 'local', 1, 1, 1, '2024-05-13 13:25:46', '2024-05-13 13:25:46'),
(654, 'local', 1, 2, 1, '2024-05-13 13:26:47', '2024-05-13 13:26:47'),
(655, 'local', 1, 2, 1, '2024-05-13 13:27:46', '2024-05-13 13:27:46'),
(656, 'local', 1, 2, 1, '2024-05-13 13:28:46', '2024-05-13 13:28:46'),
(657, 'local', 1, 2, 1, '2024-05-13 13:29:46', '2024-05-13 13:29:46'),
(658, 'local', 1, 3, 1, '2024-05-13 13:30:46', '2024-05-13 13:30:46'),
(659, 'local', 1, 2, 1, '2024-05-13 13:31:46', '2024-05-13 13:31:46'),
(660, 'local', 1, 2, 1, '2024-05-13 13:32:47', '2024-05-13 13:32:47'),
(661, 'local', 1, 1, 1, '2024-05-13 13:33:46', '2024-05-13 13:33:46'),
(662, 'local', 1, 1, 1, '2024-05-13 13:34:46', '2024-05-13 13:34:46'),
(663, 'local', 1, 2, 1, '2024-05-13 13:35:47', '2024-05-13 13:35:47'),
(664, 'local', 1, 2, 1, '2024-05-13 13:36:46', '2024-05-13 13:36:46'),
(665, 'local', 1, 2, 1, '2024-05-13 13:37:46', '2024-05-13 13:37:46'),
(666, 'local', 1, 1, 1, '2024-05-13 13:38:46', '2024-05-13 13:38:46'),
(667, 'local', 2, 2, 5, '2024-05-13 13:39:47', '2024-05-13 13:39:47'),
(668, 'local', 2, 2, 1, '2024-05-13 13:40:46', '2024-05-13 13:40:46'),
(669, 'local', 2, 2, 1, '2024-05-13 13:41:47', '2024-05-13 13:41:47'),
(670, 'local', 2, 3, 1, '2024-05-13 13:42:47', '2024-05-13 13:42:47'),
(671, 'local', 2, 2, 1, '2024-05-13 13:43:47', '2024-05-13 13:43:47'),
(672, 'local', 2, 3, 1, '2024-05-13 13:44:47', '2024-05-13 13:44:47'),
(673, 'local', 2, 3, 1, '2024-05-13 13:45:47', '2024-05-13 13:45:47'),
(674, 'local', 1, 4, 1, '2024-05-13 13:46:47', '2024-05-13 13:46:47'),
(675, 'local', 1, 3, 1, '2024-05-13 13:47:47', '2024-05-13 13:47:47'),
(676, 'local', 1, 3, 1, '2024-05-13 13:48:47', '2024-05-13 13:48:47'),
(677, 'local', 2, 2, 1, '2024-05-13 13:49:47', '2024-05-13 13:49:47'),
(678, 'local', 2, 1, 1, '2024-05-13 13:50:47', '2024-05-13 13:50:47'),
(679, 'local', 1, 2, 1, '2024-05-13 13:51:47', '2024-05-13 13:51:47'),
(680, 'local', 1, 3, 2, '2024-05-13 13:52:47', '2024-05-13 13:52:47'),
(681, 'local', 2, 2, 1, '2024-05-13 13:53:47', '2024-05-13 13:53:47'),
(682, 'local', 2, 1, 1, '2024-05-13 13:54:52', '2024-05-13 13:54:52'),
(683, 'local', 2, 2, 1, '2024-05-13 13:55:47', '2024-05-13 13:55:47'),
(684, 'local', 1, 0, 0, '2024-05-14 10:03:06', '2024-05-14 10:03:06'),
(685, 'local', 0, 1, 1, '2024-05-14 10:04:06', '2024-05-14 10:04:06'),
(686, 'local', 0, 3, 2, '2024-05-14 10:05:06', '2024-05-14 10:05:06'),
(687, 'local', 1, 2, 1, '2024-05-14 10:06:06', '2024-05-14 10:06:06'),
(688, 'local', 1, 2, 1, '2024-05-14 10:07:06', '2024-05-14 10:07:06'),
(689, 'local', 1, 2, 2, '2024-05-14 10:08:06', '2024-05-14 10:08:06'),
(690, 'local', 1, 2, 1, '2024-05-14 10:09:06', '2024-05-14 10:09:06'),
(691, 'local', 1, 2, 1, '2024-05-14 10:10:06', '2024-05-14 10:10:06'),
(692, 'local', 1, 2, 1, '2024-05-14 10:11:06', '2024-05-14 10:11:06'),
(693, 'local', 1, 2, 1, '2024-05-14 10:12:06', '2024-05-14 10:12:06'),
(694, 'local', 1, 2, 1, '2024-05-14 10:13:06', '2024-05-14 10:13:06'),
(695, 'local', 1, 2, 1, '2024-05-14 10:14:06', '2024-05-14 10:14:06'),
(696, 'local', 1, 2, 1, '2024-05-14 10:15:06', '2024-05-14 10:15:06'),
(697, 'local', 1, 2, 1, '2024-05-14 10:16:06', '2024-05-14 10:16:06'),
(698, 'local', 1, 2, 1, '2024-05-14 10:17:06', '2024-05-14 10:17:06'),
(699, 'local', 1, 2, 1, '2024-05-14 10:18:06', '2024-05-14 10:18:06'),
(700, 'local', 1, 2, 1, '2024-05-14 10:19:06', '2024-05-14 10:19:06'),
(701, 'local', 1, 2, 1, '2024-05-14 10:20:06', '2024-05-14 10:20:06'),
(702, 'local', 1, 1, 1, '2024-05-14 10:21:06', '2024-05-14 10:21:06'),
(703, 'local', 1, 3, 2, '2024-05-14 10:22:06', '2024-05-14 10:22:06'),
(704, 'local', 1, 2, 1, '2024-05-14 10:23:06', '2024-05-14 10:23:06'),
(705, 'local', 1, 2, 1, '2024-05-14 10:24:06', '2024-05-14 10:24:06'),
(706, 'local', 1, 3, 1, '2024-05-14 10:25:06', '2024-05-14 10:25:06'),
(707, 'local', 1, 2, 1, '2024-05-14 10:26:06', '2024-05-14 10:26:06'),
(708, 'local', 1, 1, 1, '2024-05-14 10:27:06', '2024-05-14 10:27:06'),
(709, 'local', 1, 3, 2, '2024-05-14 10:28:06', '2024-05-14 10:28:06'),
(710, 'local', 1, 2, 1, '2024-05-14 10:29:06', '2024-05-14 10:29:06'),
(711, 'local', 1, 2, 1, '2024-05-14 10:30:06', '2024-05-14 10:30:06'),
(712, 'local', 1, 2, 2, '2024-05-14 10:31:06', '2024-05-14 10:31:06'),
(713, 'local', 1, 2, 1, '2024-05-14 10:32:06', '2024-05-14 10:32:06'),
(714, 'local', 1, 2, 1, '2024-05-14 10:33:06', '2024-05-14 10:33:06'),
(715, 'local', 1, 2, 1, '2024-05-14 10:34:06', '2024-05-14 10:34:06'),
(716, 'local', 1, 1, 1, '2024-05-14 10:35:06', '2024-05-14 10:35:06'),
(717, 'local', 0, 0, 1, '2024-05-14 10:36:06', '2024-05-14 10:36:06'),
(718, 'local', 0, 0, 1, '2024-05-14 10:37:06', '2024-05-14 10:37:06'),
(719, 'local', 0, 0, 1, '2024-05-14 10:38:06', '2024-05-14 10:38:06'),
(720, 'local', 1, 1, 2, '2024-05-14 10:39:06', '2024-05-14 10:39:06'),
(721, 'local', 1, 2, 1, '2024-05-14 10:40:06', '2024-05-14 10:40:06'),
(722, 'local', 0, 5, 2, '2024-05-14 10:41:06', '2024-05-14 10:41:06'),
(723, 'local', 2, 1, 2, '2024-05-14 10:42:06', '2024-05-14 10:42:06');
INSERT INTO `websockets_statistics_entries` (`id`, `app_id`, `peak_connection_count`, `websocket_message_count`, `api_message_count`, `created_at`, `updated_at`) VALUES
(724, 'local', 0, 2, 1, '2024-05-14 10:43:06', '2024-05-14 10:43:06'),
(725, 'local', 0, 2, 1, '2024-05-14 10:44:06', '2024-05-14 10:44:06'),
(726, 'local', 0, 2, 1, '2024-05-14 10:45:06', '2024-05-14 10:45:06'),
(727, 'local', 0, 2, 1, '2024-05-14 10:46:06', '2024-05-14 10:46:06'),
(728, 'local', 0, 2, 1, '2024-05-14 10:47:06', '2024-05-14 10:47:06'),
(729, 'local', 0, 1, 1, '2024-05-14 10:48:06', '2024-05-14 10:48:06'),
(730, 'local', 0, 2, 1, '2024-05-14 10:49:06', '2024-05-14 10:49:06'),
(731, 'local', 0, 2, 1, '2024-05-14 10:50:06', '2024-05-14 10:50:06'),
(732, 'local', 0, 2, 1, '2024-05-14 10:51:06', '2024-05-14 10:51:06'),
(733, 'local', 0, 2, 1, '2024-05-14 10:52:06', '2024-05-14 10:52:06'),
(734, 'local', 0, 2, 1, '2024-05-14 10:53:06', '2024-05-14 10:53:06'),
(735, 'local', 0, 2, 1, '2024-05-14 10:54:06', '2024-05-14 10:54:06'),
(736, 'local', 0, 2, 1, '2024-05-14 10:55:06', '2024-05-14 10:55:06'),
(737, 'local', 0, 2, 1, '2024-05-14 10:56:06', '2024-05-14 10:56:06'),
(738, 'local', 0, 2, 2, '2024-05-14 10:57:06', '2024-05-14 10:57:06'),
(739, 'local', 1, 2, 1, '2024-05-14 10:58:06', '2024-05-14 10:58:06'),
(740, 'local', 1, 2, 1, '2024-05-14 10:59:06', '2024-05-14 10:59:06'),
(741, 'local', 1, 2, 1, '2024-05-14 11:00:06', '2024-05-14 11:00:06'),
(742, 'local', 1, 1, 1, '2024-05-14 11:01:06', '2024-05-14 11:01:06'),
(743, 'local', 0, 2, 1, '2024-05-14 11:02:06', '2024-05-14 11:02:06'),
(744, 'local', 0, 2, 1, '2024-05-14 11:03:06', '2024-05-14 11:03:06'),
(745, 'local', 0, 2, 1, '2024-05-14 11:04:06', '2024-05-14 11:04:06'),
(746, 'local', 0, 2, 1, '2024-05-14 11:05:06', '2024-05-14 11:05:06'),
(747, 'local', 1, 2, 1, '2024-05-14 11:06:06', '2024-05-14 11:06:06'),
(748, 'local', 1, 2, 1, '2024-05-14 11:07:06', '2024-05-14 11:07:06'),
(749, 'local', 1, 2, 1, '2024-05-14 11:08:06', '2024-05-14 11:08:06'),
(750, 'local', 1, 2, 1, '2024-05-14 11:09:06', '2024-05-14 11:09:06'),
(751, 'local', 1, 2, 1, '2024-05-14 11:10:06', '2024-05-14 11:10:06'),
(752, 'local', 1, 2, 1, '2024-05-14 11:11:06', '2024-05-14 11:11:06'),
(753, 'local', 1, 3, 1, '2024-05-14 11:12:06', '2024-05-14 11:12:06'),
(754, 'local', 0, 2, 1, '2024-05-14 11:13:06', '2024-05-14 11:13:06'),
(755, 'local', 0, 2, 1, '2024-05-14 11:14:06', '2024-05-14 11:14:06'),
(756, 'local', 0, 2, 1, '2024-05-14 11:15:06', '2024-05-14 11:15:06'),
(757, 'local', 0, 3, 1, '2024-05-14 11:16:06', '2024-05-14 11:16:06'),
(758, 'local', 0, 2, 1, '2024-05-14 11:17:06', '2024-05-14 11:17:06'),
(759, 'local', 0, 2, 1, '2024-05-14 11:18:06', '2024-05-14 11:18:06'),
(760, 'local', 0, 2, 1, '2024-05-14 11:19:06', '2024-05-14 11:19:06'),
(761, 'local', 0, 2, 1, '2024-05-14 11:20:06', '2024-05-14 11:20:06'),
(762, 'local', 0, 2, 1, '2024-05-14 11:21:06', '2024-05-14 11:21:06'),
(763, 'local', 0, 2, 1, '2024-05-14 11:22:06', '2024-05-14 11:22:06'),
(764, 'local', 0, 2, 1, '2024-05-14 11:23:08', '2024-05-14 11:23:08'),
(765, 'local', 0, 2, 1, '2024-05-14 11:24:08', '2024-05-14 11:24:08'),
(766, 'local', 0, 2, 1, '2024-05-14 11:25:08', '2024-05-14 11:25:08'),
(767, 'local', 0, 2, 1, '2024-05-14 11:26:08', '2024-05-14 11:26:08'),
(768, 'local', 0, 2, 1, '2024-05-14 11:27:08', '2024-05-14 11:27:08'),
(769, 'local', 0, 2, 1, '2024-05-14 11:28:08', '2024-05-14 11:28:08'),
(770, 'local', 0, 2, 1, '2024-05-14 11:29:08', '2024-05-14 11:29:08'),
(771, 'local', 0, 2, 1, '2024-05-14 11:30:08', '2024-05-14 11:30:08'),
(772, 'local', 0, 1, 1, '2024-05-14 11:31:08', '2024-05-14 11:31:08'),
(773, 'local', 0, 2, 1, '2024-05-14 11:32:08', '2024-05-14 11:32:08'),
(774, 'local', 0, 2, 1, '2024-05-14 11:33:08', '2024-05-14 11:33:08'),
(775, 'local', 0, 2, 1, '2024-05-14 11:34:08', '2024-05-14 11:34:08'),
(776, 'local', 0, 2, 1, '2024-05-14 11:35:08', '2024-05-14 11:35:08'),
(777, 'local', 0, 2, 1, '2024-05-14 11:36:08', '2024-05-14 11:36:08'),
(778, 'local', 0, 2, 1, '2024-05-14 11:37:08', '2024-05-14 11:37:08'),
(779, 'local', 0, 2, 1, '2024-05-14 11:38:08', '2024-05-14 11:38:08'),
(780, 'local', 0, 2, 1, '2024-05-14 11:39:08', '2024-05-14 11:39:08'),
(781, 'local', 0, 2, 1, '2024-05-14 11:40:08', '2024-05-14 11:40:08'),
(782, 'local', 0, 2, 1, '2024-05-14 11:41:08', '2024-05-14 11:41:08'),
(783, 'local', 0, 2, 1, '2024-05-14 11:42:08', '2024-05-14 11:42:08'),
(784, 'local', 0, 2, 1, '2024-05-14 11:43:08', '2024-05-14 11:43:08'),
(785, 'local', 0, 2, 1, '2024-05-14 11:44:08', '2024-05-14 11:44:08'),
(786, 'local', 0, 2, 1, '2024-05-14 11:45:08', '2024-05-14 11:45:08'),
(787, 'local', 0, 2, 1, '2024-05-14 11:46:08', '2024-05-14 11:46:08'),
(788, 'local', 0, 1, 1, '2024-05-14 11:47:08', '2024-05-14 11:47:08'),
(789, 'local', 0, 2, 1, '2024-05-14 11:48:08', '2024-05-14 11:48:08'),
(790, 'local', 0, 0, 1, '2024-05-14 11:55:34', '2024-05-14 11:55:34'),
(791, 'local', 1, 1, 1, '2024-05-14 11:56:34', '2024-05-14 11:56:34'),
(792, 'local', 0, 2, 1, '2024-05-14 11:57:34', '2024-05-14 11:57:34'),
(793, 'local', 0, 2, 1, '2024-05-14 11:58:34', '2024-05-14 11:58:34'),
(794, 'local', 0, 2, 1, '2024-05-14 11:59:34', '2024-05-14 11:59:34'),
(795, 'local', 0, 2, 1, '2024-05-14 12:00:34', '2024-05-14 12:00:34'),
(796, 'local', 0, 2, 1, '2024-05-14 12:01:34', '2024-05-14 12:01:34'),
(797, 'local', 0, 2, 1, '2024-05-14 12:02:34', '2024-05-14 12:02:34'),
(798, 'local', 0, 2, 1, '2024-05-14 12:03:34', '2024-05-14 12:03:34'),
(799, 'local', 0, 2, 1, '2024-05-14 12:04:34', '2024-05-14 12:04:34'),
(800, 'local', 0, 3, 3, '2024-05-14 12:05:34', '2024-05-14 12:05:34'),
(801, 'local', 0, 2, 1, '2024-05-14 12:06:40', '2024-05-14 12:06:40'),
(802, 'local', 1, 2, 1, '2024-05-14 12:07:34', '2024-05-14 12:07:34'),
(803, 'local', 1, 2, 0, '2024-05-14 12:09:34', '2024-05-14 12:09:34'),
(804, 'local', 1, 2, 1, '2024-05-14 12:10:34', '2024-05-14 12:10:34'),
(805, 'local', 1, 2, 1, '2024-05-14 12:11:34', '2024-05-14 12:11:34'),
(806, 'local', 1, 2, 1, '2024-05-14 12:12:34', '2024-05-14 12:12:34'),
(807, 'local', 1, 2, 1, '2024-05-14 12:13:34', '2024-05-14 12:13:34'),
(808, 'local', 1, 2, 1, '2024-05-14 12:14:34', '2024-05-14 12:14:34'),
(809, 'local', 1, 1, 1, '2024-05-14 12:15:34', '2024-05-14 12:15:34');

--
-- Indexes for dumped tables
--

--
-- Indexes for table `absensi`
--
ALTER TABLE `absensi`
  ADD PRIMARY KEY (`id`);

--
-- Indexes for table `failed_jobs`
--
ALTER TABLE `failed_jobs`
  ADD PRIMARY KEY (`id`),
  ADD UNIQUE KEY `failed_jobs_uuid_unique` (`uuid`);

--
-- Indexes for table `jurusan`
--
ALTER TABLE `jurusan`
  ADD PRIMARY KEY (`id`);

--
-- Indexes for table `kelas`
--
ALTER TABLE `kelas`
  ADD PRIMARY KEY (`id`);

--
-- Indexes for table `mesin`
--
ALTER TABLE `mesin`
  ADD PRIMARY KEY (`id`);

--
-- Indexes for table `migrations`
--
ALTER TABLE `migrations`
  ADD PRIMARY KEY (`id`);

--
-- Indexes for table `model_has_permissions`
--
ALTER TABLE `model_has_permissions`
  ADD PRIMARY KEY (`permission_id`,`model_id`,`model_type`),
  ADD KEY `model_has_permissions_model_id_model_type_index` (`model_id`,`model_type`);

--
-- Indexes for table `model_has_roles`
--
ALTER TABLE `model_has_roles`
  ADD PRIMARY KEY (`role_id`,`model_id`,`model_type`),
  ADD KEY `model_has_roles_model_id_model_type_index` (`model_id`,`model_type`);

--
-- Indexes for table `password_reset_tokens`
--
ALTER TABLE `password_reset_tokens`
  ADD PRIMARY KEY (`email`);

--
-- Indexes for table `perangkat`
--
ALTER TABLE `perangkat`
  ADD PRIMARY KEY (`id`),
  ADD UNIQUE KEY `perangkat_id_mesin_unique` (`id_mesin`);

--
-- Indexes for table `permissions`
--
ALTER TABLE `permissions`
  ADD PRIMARY KEY (`id`),
  ADD UNIQUE KEY `permissions_name_guard_name_unique` (`name`,`guard_name`);

--
-- Indexes for table `personal_access_tokens`
--
ALTER TABLE `personal_access_tokens`
  ADD PRIMARY KEY (`id`),
  ADD UNIQUE KEY `personal_access_tokens_token_unique` (`token`),
  ADD KEY `personal_access_tokens_tokenable_type_tokenable_id_index` (`tokenable_type`,`tokenable_id`);

--
-- Indexes for table `roles`
--
ALTER TABLE `roles`
  ADD PRIMARY KEY (`id`),
  ADD UNIQUE KEY `roles_name_guard_name_unique` (`name`,`guard_name`);

--
-- Indexes for table `role_has_permissions`
--
ALTER TABLE `role_has_permissions`
  ADD PRIMARY KEY (`permission_id`,`role_id`),
  ADD KEY `role_has_permissions_role_id_foreign` (`role_id`);

--
-- Indexes for table `sekolah`
--
ALTER TABLE `sekolah`
  ADD PRIMARY KEY (`id`),
  ADD KEY `sekolah_id_user_foreign` (`id_user`);

--
-- Indexes for table `settings`
--
ALTER TABLE `settings`
  ADD PRIMARY KEY (`id`);

--
-- Indexes for table `siswa`
--
ALTER TABLE `siswa`
  ADD PRIMARY KEY (`id`);

--
-- Indexes for table `users`
--
ALTER TABLE `users`
  ADD PRIMARY KEY (`id`),
  ADD UNIQUE KEY `users_username_unique` (`username`);

--
-- Indexes for table `websockets_statistics_entries`
--
ALTER TABLE `websockets_statistics_entries`
  ADD PRIMARY KEY (`id`);

--
-- AUTO_INCREMENT for dumped tables
--

--
-- AUTO_INCREMENT for table `absensi`
--
ALTER TABLE `absensi`
  MODIFY `id` bigint(20) UNSIGNED NOT NULL AUTO_INCREMENT, AUTO_INCREMENT=42;

--
-- AUTO_INCREMENT for table `failed_jobs`
--
ALTER TABLE `failed_jobs`
  MODIFY `id` bigint(20) UNSIGNED NOT NULL AUTO_INCREMENT;

--
-- AUTO_INCREMENT for table `jurusan`
--
ALTER TABLE `jurusan`
  MODIFY `id` bigint(20) UNSIGNED NOT NULL AUTO_INCREMENT, AUTO_INCREMENT=6;

--
-- AUTO_INCREMENT for table `kelas`
--
ALTER TABLE `kelas`
  MODIFY `id` bigint(20) UNSIGNED NOT NULL AUTO_INCREMENT, AUTO_INCREMENT=10;

--
-- AUTO_INCREMENT for table `mesin`
--
ALTER TABLE `mesin`
  MODIFY `id` bigint(20) UNSIGNED NOT NULL AUTO_INCREMENT, AUTO_INCREMENT=6;

--
-- AUTO_INCREMENT for table `migrations`
--
ALTER TABLE `migrations`
  MODIFY `id` int(10) UNSIGNED NOT NULL AUTO_INCREMENT, AUTO_INCREMENT=14;

--
-- AUTO_INCREMENT for table `perangkat`
--
ALTER TABLE `perangkat`
  MODIFY `id` int(11) NOT NULL AUTO_INCREMENT;

--
-- AUTO_INCREMENT for table `permissions`
--
ALTER TABLE `permissions`
  MODIFY `id` bigint(20) UNSIGNED NOT NULL AUTO_INCREMENT;

--
-- AUTO_INCREMENT for table `personal_access_tokens`
--
ALTER TABLE `personal_access_tokens`
  MODIFY `id` bigint(20) UNSIGNED NOT NULL AUTO_INCREMENT;

--
-- AUTO_INCREMENT for table `roles`
--
ALTER TABLE `roles`
  MODIFY `id` bigint(20) UNSIGNED NOT NULL AUTO_INCREMENT, AUTO_INCREMENT=3;

--
-- AUTO_INCREMENT for table `sekolah`
--
ALTER TABLE `sekolah`
  MODIFY `id` bigint(20) UNSIGNED NOT NULL AUTO_INCREMENT, AUTO_INCREMENT=3;

--
-- AUTO_INCREMENT for table `settings`
--
ALTER TABLE `settings`
  MODIFY `id` int(11) NOT NULL AUTO_INCREMENT, AUTO_INCREMENT=3;

--
-- AUTO_INCREMENT for table `websockets_statistics_entries`
--
ALTER TABLE `websockets_statistics_entries`
  MODIFY `id` int(10) UNSIGNED NOT NULL AUTO_INCREMENT, AUTO_INCREMENT=810;

--
-- Constraints for dumped tables
--

--
-- Constraints for table `model_has_permissions`
--
ALTER TABLE `model_has_permissions`
  ADD CONSTRAINT `model_has_permissions_permission_id_foreign` FOREIGN KEY (`permission_id`) REFERENCES `permissions` (`id`) ON DELETE CASCADE;

--
-- Constraints for table `model_has_roles`
--
ALTER TABLE `model_has_roles`
  ADD CONSTRAINT `model_has_roles_role_id_foreign` FOREIGN KEY (`role_id`) REFERENCES `roles` (`id`) ON DELETE CASCADE;

--
-- Constraints for table `role_has_permissions`
--
ALTER TABLE `role_has_permissions`
  ADD CONSTRAINT `role_has_permissions_permission_id_foreign` FOREIGN KEY (`permission_id`) REFERENCES `permissions` (`id`) ON DELETE CASCADE,
  ADD CONSTRAINT `role_has_permissions_role_id_foreign` FOREIGN KEY (`role_id`) REFERENCES `roles` (`id`) ON DELETE CASCADE;

--
-- Constraints for table `sekolah`
--
ALTER TABLE `sekolah`
  ADD CONSTRAINT `sekolah_id_user_foreign` FOREIGN KEY (`id_user`) REFERENCES `users` (`id`);
COMMIT;
